suburb,price,date,qbn
Calwell,780000.0,2023-03-10,Canberra
Calwell,1025000.0,2023-02-10,Canberra
Calwell,850000.0,2023-02-03,Canberra
Calwell,870000.0,2023-02-03,Canberra
Calwell,690000.0,2023-01-09,Canberra
Calwell,623000.0,2023-02-24,Canberra
Calwell,730000.0,2023-02-21,Canberra
Calwell,950000.0,2023-01-19,Canberra
Calwell,1028000.0,2022-12-19,Canberra
Calwell,760000.0,2022-12-22,Canberra
Calwell,655000.0,2022-12-06,Canberra
Calwell,720000.0,2023-02-10,Canberra
Calwell,745000.0,2023-01-11,Canberra
Calwell,790000.0,2023-01-12,Canberra
Calwell,875000.0,2023-01-22,Canberra
Calwell,750000.0,2022-12-17,Canberra
Calwell,1385500.0,2022-11-24,Canberra
Calwell,1300000.0,2022-12-12,Canberra
Calwell,940000.0,2022-11-29,Canberra
Calwell,710000.0,2022-12-14,Canberra
Calwell,930000.0,2022-10-29,Canberra
Calwell,790000.0,2022-11-23,Canberra
Calwell,910000.0,2022-11-30,Canberra
Calwell,1260000.0,2022-09-24,Canberra
Calwell,350000.0,2022-11-02,Canberra
Calwell,720000.0,2022-10-28,Canberra
Calwell,772500.0,2022-10-27,Canberra
Calwell,730000.0,2022-10-12,Canberra
Calwell,900000.0,2022-09-27,Canberra
Calwell,590000.0,2022-10-28,Canberra
Calwell,624000.0,2022-10-23,Canberra
Calwell,725000.0,2022-09-20,Canberra
Calwell,1040000.0,2022-09-23,Canberra
Calwell,740000.0,2022-11-22,Canberra
Calwell,870000.0,2022-08-16,Canberra
Calwell,950000.0,2022-09-28,Canberra
Calwell,705000.0,2022-09-28,Canberra
Calwell,910000.0,2022-09-21,Canberra
Calwell,820000.0,2022-10-07,Canberra
Calwell,670000.0,2022-09-15,Canberra
Calwell,900000.0,2022-10-28,Canberra
Calwell,425000.0,2007-04-03,Canberra
Calwell,799000.0,2022-09-09,Canberra
Calwell,870000.0,2022-09-06,Canberra
Calwell,1150000.0,2022-08-05,Canberra
Calwell,845000.0,2022-10-17,Canberra
Calwell,560000.0,2022-10-14,Canberra
Calwell,990000.0,2022-07-23,Canberra
Calwell,710000.0,2022-08-19,Canberra
Calwell,742000.0,2022-08-08,Canberra
Calwell,540000.0,2012-06-13,Canberra
Calwell,525000.0,2022-08-25,Canberra
Calwell,725000.0,2022-08-01,Canberra
Calwell,372500.0,2011-03-11,Canberra
Calwell,875000.0,2022-07-13,Canberra
Calwell,943000.0,2022-07-26,Canberra
Calwell,975000.0,2022-07-26,Canberra
Calwell,855000.0,2022-07-14,Canberra
Calwell,940000.0,2022-07-25,Canberra
Calwell,700000.0,2017-11-24,Canberra
Calwell,667500.0,2022-05-27,Canberra
Calwell,955000.0,2022-07-11,Canberra
Calwell,975000.0,2022-04-05,Canberra
Calwell,500000.0,2022-08-12,Canberra
Calwell,772500.0,2022-06-28,Canberra
Calwell,770000.0,2022-06-29,Canberra
Calwell,1100000.0,2022-06-04,Canberra
Calwell,950000.0,2022-06-01,Canberra
Calwell,790000.0,2022-05-05,Canberra
Calwell,850000.0,2022-06-24,Canberra
Calwell,555000.0,2022-05-30,Canberra
Calwell,700000.0,2022-05-06,Canberra
Calwell,900000.0,2022-05-04,Canberra
Calwell,1125000.0,2022-05-12,Canberra
Calwell,865000.0,2022-05-13,Canberra
Calwell,820000.0,2022-05-12,Canberra
Calwell,980000.0,2022-04-19,Canberra
Calwell,730000.0,2021-11-17,Canberra
Calwell,550000.0,2022-05-11,Canberra
Calwell,1335000.0,2022-05-02,Canberra
Calwell,340000.0,2016-04-26,Canberra
Calwell,820000.0,2022-04-30,Canberra
Calwell,1030000.0,2022-05-07,Canberra
Calwell,970000.0,2022-05-03,Canberra
Calwell,1270000.0,2022-04-22,Canberra
Calwell,950000.0,2022-05-05,Canberra
Calwell,902000.0,2022-04-14,Canberra
Calwell,800000.0,2022-04-22,Canberra
Calwell,950000.0,2022-04-04,Canberra
Calwell,855000.0,2022-04-12,Canberra
Calwell,370000.0,2008-03-25,Canberra
Calwell,800000.0,2022-03-10,Canberra
Calwell,585000.0,2022-03-29,Canberra
Calwell,1150000.0,2022-03-01,Canberra
Calwell,1000000.0,2022-04-11,Canberra
Calwell,660000.0,2022-03-10,Canberra
Calwell,980000.0,2022-03-18,Canberra
Calwell,921000.0,2022-03-10,Canberra
Calwell,780000.0,2022-03-05,Canberra
Calwell,950000.0,2022-03-16,Canberra
Calwell,630000.0,2022-04-26,Canberra
Calwell,973000.0,2022-02-05,Canberra
Calwell,650000.0,2022-02-18,Canberra
Calwell,705000.0,2022-02-21,Canberra
Calwell,830000.0,2022-02-25,Canberra
Calwell,1070000.0,2022-02-10,Canberra
Calwell,705000.0,2021-11-24,Canberra
Chisholm,395000.0,2009-03-16,Canberra
Chisholm,845000.0,2023-01-17,Canberra
Chisholm,150000.0,2023-01-27,Canberra
Chisholm,825000.0,2023-03-04,Canberra
Chisholm,1200000.0,2022-12-08,Canberra
Chisholm,770000.0,2022-12-16,Canberra
Chisholm,630000.0,2023-02-20,Canberra
Chisholm,1150000.0,2023-01-11,Canberra
Chisholm,685000.0,2023-02-17,Canberra
Chisholm,900000.0,2023-02-15,Canberra
Chisholm,900000.0,2022-11-13,Canberra
Chisholm,820000.0,2022-12-05,Canberra
Chisholm,1115000.0,2022-12-13,Canberra
Chisholm,775000.0,2022-12-12,Canberra
Chisholm,660000.0,2016-04-15,Canberra
Chisholm,440000.0,2022-11-01,Canberra
Chisholm,650000.0,2022-12-05,Canberra
Chisholm,970000.0,2023-01-19,Canberra
Chisholm,850000.0,2022-11-17,Canberra
Chisholm,995000.0,2022-10-29,Canberra
Chisholm,1200000.0,2022-11-28,Canberra
Chisholm,690000.0,2022-11-08,Canberra
Chisholm,875000.0,2022-11-21,Canberra
Chisholm,1220000.0,2022-12-01,Canberra
Chisholm,890000.0,2022-10-05,Canberra
Chisholm,750000.0,2022-11-01,Canberra
Chisholm,972000.0,2022-10-27,Canberra
Chisholm,941000.0,2022-11-04,Canberra
Chisholm,825000.0,2022-11-29,Canberra
Chisholm,815000.0,2022-09-23,Canberra
Chisholm,945000.0,2022-10-29,Canberra
Chisholm,790000.0,2022-10-27,Canberra
Chisholm,1065000.0,2022-10-24,Canberra
Chisholm,830000.0,2022-10-26,Canberra
Chisholm,825000.0,2022-09-13,Canberra
Chisholm,665000.0,2022-11-01,Canberra
Chisholm,1015000.0,2022-10-13,Canberra
Chisholm,850000.0,2022-10-17,Canberra
Chisholm,650000.0,2022-10-07,Canberra
Chisholm,630000.0,2022-10-05,Canberra
Chisholm,1420000.0,2022-11-18,Canberra
Chisholm,735000.0,2022-09-28,Canberra
Chisholm,810000.0,2022-10-11,Canberra
Chisholm,850000.0,2022-10-20,Canberra
Chisholm,725000.0,2022-08-26,Canberra
Chisholm,870000.0,2022-08-22,Canberra
Chisholm,1150000.0,2022-09-14,Canberra
Chisholm,815000.0,2022-08-12,Canberra
Chisholm,580000.0,2022-09-07,Canberra
Chisholm,670000.0,2022-09-05,Canberra
Chisholm,678000.0,2022-07-23,Canberra
Chisholm,765000.0,2022-08-26,Canberra
Chisholm,1240000.0,2022-07-27,Canberra
Chisholm,776000.0,2022-08-04,Canberra
Chisholm,725000.0,2022-08-11,Canberra
Chisholm,845000.0,2022-07-23,Canberra
Chisholm,730000.0,2022-08-02,Canberra
Chisholm,1190000.0,2022-06-23,Canberra
Chisholm,665000.0,2022-08-09,Canberra
Chisholm,820000.0,2022-07-29,Canberra
Chisholm,165000.0,2022-08-09,Canberra
Chisholm,650000.0,2022-05-17,Canberra
Chisholm,785000.0,2022-07-15,Canberra
Chisholm,975000.0,2022-06-07,Canberra
Chisholm,660000.0,2022-07-14,Canberra
Chisholm,720000.0,2022-06-06,Canberra
Chisholm,1250000.0,2022-06-02,Canberra
Chisholm,775000.0,2022-08-02,Canberra
Chisholm,415000.0,2022-02-08,Canberra
Chisholm,900000.0,2022-06-06,Canberra
Chisholm,400000.0,2022-07-06,Canberra
Chisholm,1555000.0,2022-06-03,Canberra
Chisholm,1065000.0,2022-05-17,Canberra
Chisholm,1180000.0,2022-04-07,Canberra
Chisholm,880000.0,2022-05-28,Canberra
Chisholm,830000.0,2022-05-26,Canberra
Chisholm,790000.0,2022-05-13,Canberra
Chisholm,386000.0,2022-03-23,Canberra
Chisholm,947000.0,2022-04-23,Canberra
Chisholm,888000.0,2022-03-26,Canberra
Chisholm,600000.0,2018-11-26,Canberra
Chisholm,930000.0,2022-03-28,Canberra
Chisholm,830000.0,2022-04-23,Canberra
Chisholm,890000.0,2022-02-23,Canberra
Chisholm,1150000.0,2022-02-26,Canberra
Chisholm,700000.0,2022-05-03,Canberra
Chisholm,955000.0,2022-04-12,Canberra
Chisholm,1108000.0,2022-03-26,Canberra
Chisholm,1190000.0,2022-03-08,Canberra
Chisholm,870000.0,2022-03-27,Canberra
Chisholm,1200000.0,2022-04-12,Canberra
Chisholm,842000.0,2022-03-15,Canberra
Chisholm,680000.0,2022-03-01,Canberra
Chisholm,650000.0,2021-11-05,Canberra
Chisholm,790000.0,2022-02-19,Canberra
Chisholm,760000.0,2022-03-03,Canberra
Chisholm,907500.0,2022-02-26,Canberra
Chisholm,990000.0,2022-02-26,Canberra
Chisholm,1135000.0,2022-02-06,Canberra
Chisholm,730000.0,2022-02-25,Canberra
Chisholm,840000.0,2022-03-01,Canberra
Chisholm,1290000.0,2022-02-03,Canberra
Chisholm,751000.0,2022-01-19,Canberra
Chisholm,808000.0,2022-01-29,Canberra
Chisholm,395000.0,2022-02-23,Canberra
Chisholm,845000.0,2022-01-24,Canberra
Dunlop,780000.0,2023-02-08,Canberra
Dunlop,875000.0,2023-03-07,Canberra
Dunlop,1050000.0,2023-03-06,Canberra
Dunlop,682000.0,2023-01-25,Canberra
Dunlop,840000.0,2023-01-27,Canberra
Dunlop,621000.0,2022-12-21,Canberra
Dunlop,1000000.0,2022-12-20,Canberra
Dunlop,652000.0,2023-01-19,Canberra
Dunlop,702500.0,2023-02-22,Canberra
Dunlop,820000.0,2023-02-11,Canberra
Dunlop,885000.0,2022-12-03,Canberra
Dunlop,880000.0,2022-12-03,Canberra
Dunlop,677000.0,2022-12-07,Canberra
Dunlop,920000.0,2022-12-02,Canberra
Dunlop,665000.0,2022-12-19,Canberra
Dunlop,800000.0,2022-12-03,Canberra
Dunlop,990000.0,2023-01-28,Canberra
Dunlop,570000.0,2006-09-30,Canberra
Dunlop,836500.0,2022-11-18,Canberra
Dunlop,910000.0,2022-12-07,Canberra
Dunlop,1050000.0,2022-11-19,Canberra
Dunlop,550000.0,2022-12-23,Canberra
Dunlop,895000.0,2022-12-07,Canberra
Dunlop,700000.0,2020-04-20,Canberra
Dunlop,785000.0,2022-12-08,Canberra
Dunlop,740000.0,2022-12-05,Canberra
Dunlop,915000.0,2022-09-26,Canberra
Dunlop,803019.0,2022-11-30,Canberra
Dunlop,815000.0,2022-12-14,Canberra
Dunlop,632000.0,2022-11-12,Canberra
Dunlop,860000.0,2023-01-10,Canberra
Dunlop,890000.0,2022-11-05,Canberra
Dunlop,720000.0,2022-11-07,Canberra
Dunlop,865500.0,2022-11-17,Canberra
Dunlop,780000.0,2022-10-27,Canberra
Dunlop,965000.0,2022-11-03,Canberra
Dunlop,1015000.0,2022-10-08,Canberra
Dunlop,830000.0,2022-10-11,Canberra
Dunlop,800000.0,2022-11-02,Canberra
Dunlop,810000.0,2022-10-08,Canberra
Dunlop,655000.0,2020-10-01,Canberra
Dunlop,725000.0,2022-09-05,Canberra
Dunlop,676000.0,2022-09-23,Canberra
Dunlop,866000.0,2022-09-03,Canberra
Dunlop,329900.0,2010-11-10,Canberra
Dunlop,850000.0,2022-09-26,Canberra
Dunlop,811000.0,2022-09-17,Canberra
Dunlop,1025000.0,2022-09-17,Canberra
Dunlop,885000.0,2022-09-30,Canberra
Dunlop,915000.0,2022-09-29,Canberra
Dunlop,775000.0,2022-09-28,Canberra
Dunlop,664000.0,2022-09-15,Canberra
Dunlop,1150000.0,2022-11-08,Canberra
Dunlop,920000.0,2022-08-03,Canberra
Dunlop,841000.0,2022-09-03,Canberra
Dunlop,1080000.0,2022-10-29,Canberra
Dunlop,815000.0,2022-08-11,Canberra
Dunlop,1160000.0,2022-07-07,Canberra
Dunlop,350000.0,2022-05-27,Canberra
Dunlop,620000.0,2022-09-03,Canberra
Dunlop,510000.0,2022-08-27,Canberra
Dunlop,720000.0,2022-05-13,Canberra
Dunlop,721000.0,2022-07-21,Canberra
Dunlop,1210000.0,2022-07-15,Canberra
Dunlop,890000.0,2022-07-16,Canberra
Dunlop,710000.0,2022-06-09,Canberra
Dunlop,1173500.0,2022-06-16,Canberra
Dunlop,1340000.0,2022-06-11,Canberra
Dunlop,850000.0,2022-06-22,Canberra
Dunlop,725000.0,2022-06-18,Canberra
Dunlop,895000.0,2022-06-14,Canberra
Dunlop,841000.0,2022-06-23,Canberra
Dunlop,820000.0,2022-07-30,Canberra
Dunlop,802000.0,2022-06-04,Canberra
Dunlop,970000.0,2022-06-18,Canberra
Dunlop,335000.0,2009-06-01,Canberra
Dunlop,747000.0,2022-06-11,Canberra
Dunlop,1100000.0,2022-05-20,Canberra
Dunlop,830000.0,2022-05-23,Canberra
Dunlop,1200000.0,2022-07-07,Canberra
Dunlop,1020000.0,2022-05-20,Canberra
Dunlop,990000.0,2022-06-08,Canberra
Dunlop,1005000.0,2022-05-20,Canberra
Dunlop,900000.0,2022-05-14,Canberra
Dunlop,900000.0,2022-05-11,Canberra
Dunlop,847500.0,2022-06-01,Canberra
Dunlop,950000.0,2022-05-14,Canberra
Dunlop,820000.0,2022-06-21,Canberra
Dunlop,497702.0,2022-02-08,Canberra
Dunlop,910000.0,2022-04-28,Canberra
Dunlop,695000.0,2022-05-20,Canberra
Dunlop,800000.0,2022-05-31,Canberra
Dunlop,987000.0,2022-04-28,Canberra
Dunlop,573000.0,2019-04-18,Canberra
Dunlop,740000.0,2022-05-16,Canberra
Dunlop,539000.0,2019-07-01,Canberra
Dunlop,850000.0,2022-05-12,Canberra
Dunlop,700000.0,2021-06-01,Canberra
Dunlop,1025000.0,2022-05-12,Canberra
Dunlop,888000.0,2022-04-09,Canberra
Dunlop,662000.0,2022-05-13,Canberra
Dunlop,1050000.0,2022-03-21,Canberra
Dunlop,1280000.0,2022-02-24,Canberra
Dunlop,835000.0,2022-03-24,Canberra
Dunlop,750000.0,2022-04-13,Canberra
Dunlop,740000.0,2022-04-02,Canberra
Dunlop,375000.0,2022-02-09,Canberra
Dunlop,880000.0,2022-03-26,Canberra
Dunlop,855000.0,2022-03-26,Canberra
Dunlop,890000.0,2022-03-23,Canberra
Dunlop,1255000.0,2022-04-20,Canberra
Dunlop,906000.0,2022-03-22,Canberra
Dunlop,1190000.0,2022-04-02,Canberra
Dunlop,767000.0,2022-04-02,Canberra
Dunlop,500000.0,2015-07-17,Canberra
Dunlop,700000.0,2021-12-23,Canberra
Dunlop,782000.0,2022-03-08,Canberra
Dunlop,947000.0,2022-03-03,Canberra
Dunlop,480000.0,2022-03-28,Canberra
Dunlop,780000.0,2022-03-12,Canberra
Dunlop,870000.0,2022-03-05,Canberra
Dunlop,852000.0,2022-03-05,Canberra
Dunlop,830000.0,2022-03-04,Canberra
Dunlop,1220000.0,2022-04-05,Canberra
Dunlop,475000.0,2022-01-28,Canberra
Dunlop,925000.0,2022-02-19,Canberra
Dunlop,1260000.0,2022-03-26,Canberra
Dunlop,715000.0,2022-02-10,Canberra
Dunlop,950000.0,2022-02-09,Canberra
Dunlop,896000.0,2022-01-29,Canberra
Dunlop,850000.0,2022-02-18,Canberra
Dunlop,890000.0,2021-12-03,Canberra
Franklin,1080000.0,2023-03-17,Canberra
Franklin,685000.0,2023-03-16,Canberra
Franklin,475000.0,2023-03-14,Canberra
Franklin,996500.0,2023-03-11,Canberra
Franklin,900000.0,2023-01-30,Canberra
Franklin,1420500.0,2023-03-04,Canberra
Franklin,537000.0,2023-03-03,Canberra
Franklin,397000.0,2023-03-01,Canberra
Franklin,395000.0,2023-01-16,Canberra
Franklin,75000.0,2022-12-23,Canberra
Franklin,800000.0,2022-12-17,Canberra
Franklin,380000.0,2023-02-24,Canberra
Franklin,620000.0,2023-02-23,Canberra
Franklin,490000.0,2020-04-07,Canberra
Franklin,565000.0,2023-02-21,Canberra
Franklin,1120000.0,2022-12-14,Canberra
Franklin,1193000.0,2023-02-09,Canberra
Franklin,715000.0,2022-12-21,Canberra
Franklin,768000.0,2022-11-29,Canberra
Franklin,372000.0,2022-12-19,Canberra
Franklin,385200.0,2022-12-16,Canberra
Franklin,710000.0,2023-02-02,Canberra
Franklin,980000.0,2022-12-13,Canberra
Franklin,747500.0,2022-12-12,Canberra
Franklin,705000.0,2022-11-23,Canberra
Franklin,470000.0,2022-09-30,Canberra
Franklin,510000.0,2022-12-15,Canberra
Franklin,505000.0,2022-12-08,Canberra
Franklin,915000.0,2022-12-05,Canberra
Franklin,750000.0,2022-11-22,Canberra
Franklin,395000.0,2023-01-16,Canberra
Franklin,560000.0,2023-01-16,Canberra
Franklin,1050000.0,2022-12-01,Canberra
Franklin,1130000.0,2022-11-08,Canberra
Franklin,1780000.0,2022-11-02,Canberra
Franklin,1235000.0,2022-10-29,Canberra
Franklin,670000.0,2022-11-03,Canberra
Franklin,790000.0,2022-11-08,Canberra
Franklin,980000.0,2022-10-20,Canberra
Franklin,675000.0,2022-12-13,Canberra
Franklin,999000.0,2022-10-20,Canberra
Franklin,547000.0,2022-10-10,Canberra
Franklin,345000.0,2022-09-15,Canberra
Franklin,1120000.0,2022-10-07,Canberra
Franklin,694076.0,2022-10-31,Canberra
Franklin,505852.0,2022-10-31,Canberra
Franklin,1655000.0,2022-09-13,Canberra
Franklin,790000.0,2022-10-12,Canberra
Franklin,555888.0,2022-10-12,Canberra
Franklin,391000.0,2022-10-06,Canberra
Franklin,407500.0,2022-11-18,Canberra
Franklin,365000.0,2022-09-08,Canberra
Franklin,455000.0,2022-10-10,Canberra
Franklin,380000.0,2022-11-04,Canberra
Franklin,472000.0,2022-11-04,Canberra
Franklin,502500.0,2022-09-27,Canberra
Franklin,1000000.0,2022-09-10,Canberra
Franklin,551000.0,2022-09-21,Canberra
Franklin,1210000.0,2022-10-01,Canberra
Franklin,940000.0,2022-09-20,Canberra
Franklin,725000.0,2022-08-12,Canberra
Franklin,535000.0,2022-09-09,Canberra
Franklin,542000.0,2022-09-10,Canberra
Franklin,1180000.0,2022-08-18,Canberra
Franklin,1110000.0,2022-07-26,Canberra
Franklin,407500.0,2022-05-18,Canberra
Franklin,680000.0,2022-08-30,Canberra
Franklin,685000.0,2022-09-14,Canberra
Franklin,1100000.0,2022-08-28,Canberra
Franklin,780000.0,2022-10-10,Canberra
Franklin,1011000.0,2022-09-02,Canberra
Franklin,750000.0,2022-07-21,Canberra
Franklin,510000.0,2022-08-15,Canberra
Franklin,400000.0,2022-09-30,Canberra
Franklin,345000.0,2022-08-31,Canberra
Franklin,949000.0,2022-09-23,Canberra
Franklin,550000.0,2022-07-22,Canberra
Franklin,1030000.0,2022-07-28,Canberra
Franklin,525000.0,2022-07-20,Canberra
Franklin,1200000.0,2022-07-06,Canberra
Franklin,400000.0,2022-09-15,Canberra
Franklin,765000.0,2022-08-09,Canberra
Franklin,395000.0,2022-07-15,Canberra
Franklin,465000.0,2022-09-13,Canberra
Franklin,931000.0,2022-07-23,Canberra
Franklin,59000.0,2022-08-05,Canberra
Franklin,651000.0,2022-07-16,Canberra
Franklin,380000.0,2022-09-05,Canberra
Franklin,725000.0,2022-07-19,Canberra
Franklin,770000.0,2022-07-06,Canberra
Franklin,616000.0,2022-09-02,Canberra
Franklin,525500.0,2022-08-31,Canberra
Franklin,525000.0,2022-06-21,Canberra
Franklin,390000.0,2022-07-05,Canberra
Franklin,805000.0,2022-06-12,Canberra
Franklin,1500000.0,2022-04-19,Canberra
Franklin,1266000.0,2022-04-30,Canberra
Franklin,962000.0,2022-07-01,Canberra
Franklin,555000.0,2022-07-27,Canberra
Franklin,380000.0,2022-06-17,Canberra
Franklin,395000.0,2022-06-15,Canberra
Franklin,340000.0,2022-05-27,Canberra
Franklin,599999.0,2022-01-31,Canberra
Franklin,410000.0,2022-05-20,Canberra
Franklin,720000.0,2022-07-15,Canberra
Franklin,1220000.0,2022-05-18,Canberra
Franklin,1180000.0,2022-04-29,Canberra
Franklin,965000.0,2022-06-03,Canberra
Franklin,599999.0,2022-07-04,Canberra
Franklin,295000.0,2009-06-26,Canberra
Franklin,372000.0,2022-04-27,Canberra
Franklin,515000.0,2022-05-15,Canberra
Franklin,727500.0,2022-03-15,Canberra
Franklin,745000.0,2022-04-29,Canberra
Franklin,1200000.0,2021-03-26,Canberra
Franklin,385000.0,2022-05-03,Canberra
Franklin,606600.0,2022-06-21,Canberra
Franklin,1050000.0,2022-05-13,Canberra
Franklin,560000.0,2022-06-16,Canberra
Franklin,610000.0,2022-06-14,Canberra
Franklin,516000.0,2022-03-30,Canberra
Franklin,397000.0,2022-06-10,Canberra
Franklin,840000.0,2022-04-08,Canberra
Franklin,395000.0,2022-02-26,Canberra
Franklin,313850.0,2019-07-08,Canberra
Franklin,681000.0,2022-03-31,Canberra
Franklin,1000000.0,2022-04-05,Canberra
Franklin,520000.0,2022-02-17,Canberra
Franklin,355000.0,2022-05-27,Canberra
Franklin,1400000.0,2022-04-05,Canberra
Franklin,1409650.0,2022-03-24,Canberra
Franklin,735000.0,2022-05-25,Canberra
Franklin,362500.0,2022-04-22,Canberra
Franklin,421800.0,2022-04-12,Canberra
Franklin,950000.0,2022-04-11,Canberra
Franklin,327000.0,2014-11-26,Canberra
Franklin,1165000.0,2022-03-10,Canberra
Franklin,354000.0,2022-03-21,Canberra
Franklin,1350000.0,2022-04-09,Canberra
Franklin,542000.0,2022-03-24,Canberra
Franklin,405000.0,2022-04-11,Canberra
Franklin,655500.0,2022-03-19,Canberra
Franklin,536000.0,2022-04-02,Canberra
Franklin,1800000.0,2022-03-25,Canberra
Franklin,550000.0,2022-03-11,Canberra
Franklin,1210000.0,2022-03-10,Canberra
Franklin,1635000.0,2022-02-19,Canberra
Franklin,1065000.0,2020-12-22,Canberra
Franklin,345988.0,2022-01-24,Canberra
Franklin,351000.0,2022-03-29,Canberra
Franklin,1060000.0,2021-09-13,Canberra
Franklin,400000.0,2022-03-16,Canberra
Franklin,362000.0,2022-02-25,Canberra
Franklin,495000.0,2022-03-21,Canberra
Franklin,850000.0,2022-04-13,Canberra
Franklin,338000.0,2022-03-03,Canberra
Franklin,1155000.0,2022-02-18,Canberra
Franklin,720000.0,2022-03-03,Canberra
Franklin,557000.0,2022-02-23,Canberra
Franklin,440000.0,2022-03-03,Canberra
Franklin,707500.0,2022-02-24,Canberra
Franklin,417000.0,2020-03-23,Canberra
Franklin,988000.0,2022-02-19,Canberra
Franklin,681000.0,2022-04-02,Canberra
Franklin,385000.0,2022-04-02,Canberra
Franklin,1370000.0,2022-02-19,Canberra
Franklin,1100000.0,2021-12-12,Canberra
Franklin,850000.0,2021-11-09,Canberra
Franklin,540000.0,2022-03-30,Canberra
Franklin,1095200.0,2022-02-11,Canberra
Franklin,432000.0,2022-02-04,Canberra
Franklin,968000.0,2022-02-14,Canberra
Franklin,825000.0,2022-02-05,Canberra
Franklin,811000.0,2022-03-27,Canberra
Franklin,830000.0,2022-03-26,Canberra
Franklin,680000.0,2022-03-25,Canberra
Franklin,432000.0,2022-02-11,Canberra
Franklin,520000.0,2022-02-05,Canberra
Franklin,446000.0,2022-03-23,Canberra
Franklin,465100.0,2022-02-08,Canberra
Gordon,600000.0,2023-03-16,Canberra
Gordon,690000.0,2023-03-10,Canberra
Gordon,1125000.0,2022-12-17,Canberra
Gordon,720000.0,2023-02-08,Canberra
Gordon,985000.0,2023-03-01,Canberra
Gordon,1000000.0,2022-11-04,Canberra
Gordon,1085000.0,2022-12-14,Canberra
Gordon,730000.0,2023-01-23,Canberra
Gordon,820000.0,2022-12-20,Canberra
Gordon,730000.0,2022-12-22,Canberra
Gordon,950000.0,2022-12-15,Canberra
Gordon,980000.0,2023-02-06,Canberra
Gordon,670000.0,2023-02-03,Canberra
Gordon,935000.0,2022-11-05,Canberra
Gordon,775000.0,2022-12-12,Canberra
Gordon,1027500.0,2023-01-03,Canberra
Gordon,1300000.0,2023-01-27,Canberra
Gordon,1100000.0,2023-01-27,Canberra
Gordon,835000.0,2022-12-07,Canberra
Gordon,870000.0,2022-12-03,Canberra
Gordon,1050000.0,2022-07-25,Canberra
Gordon,900000.0,2022-11-30,Canberra
Gordon,720000.0,2022-11-21,Canberra
Gordon,870000.0,2022-11-23,Canberra
Gordon,1100000.0,2022-11-08,Canberra
Gordon,1170000.0,2022-12-16,Canberra
Gordon,619000.0,2022-12-12,Canberra
Gordon,650000.0,2022-09-08,Canberra
Gordon,800000.0,2022-11-09,Canberra
Gordon,875000.0,2022-10-28,Canberra
Gordon,580000.0,2019-07-15,Canberra
Gordon,410000.0,2014-03-05,Canberra
Gordon,747500.0,2022-09-17,Canberra
Gordon,920000.0,2022-10-11,Canberra
Gordon,870000.0,2022-11-04,Canberra
Gordon,650000.0,2022-09-30,Canberra
Gordon,617000.0,2022-11-18,Canberra
Gordon,575000.0,2022-10-05,Canberra
Gordon,755000.0,2022-09-17,Canberra
Gordon,880000.0,2022-09-30,Canberra
Gordon,975000.0,2022-09-10,Canberra
Gordon,680000.0,2022-09-07,Canberra
Gordon,810000.0,2022-09-16,Canberra
Gordon,715000.0,2022-03-02,Canberra
Gordon,600000.0,2022-10-27,Canberra
Gordon,802500.0,2022-09-27,Canberra
Gordon,715000.0,2022-09-13,Canberra
Gordon,900000.0,2022-09-26,Canberra
Gordon,700000.0,2022-09-15,Canberra
Gordon,765000.0,2022-09-02,Canberra
Gordon,762000.0,2022-08-30,Canberra
Gordon,1180000.0,2022-07-10,Canberra
Gordon,615000.0,2022-09-16,Canberra
Gordon,875000.0,2022-08-19,Canberra
Gordon,910000.0,2022-08-24,Canberra
Gordon,520000.0,2022-08-22,Canberra
Gordon,970000.0,2022-08-02,Canberra
Gordon,700000.0,2022-08-04,Canberra
Gordon,1211800.0,2022-08-16,Canberra
Gordon,1135000.0,2022-07-18,Canberra
Gordon,596950.0,2022-09-30,Canberra
Gordon,900000.0,2022-08-26,Canberra
Gordon,690000.0,2022-09-26,Canberra
Gordon,850000.0,2022-07-19,Canberra
Gordon,705000.0,2022-07-29,Canberra
Gordon,912000.0,2022-07-02,Canberra
Gordon,715000.0,2022-07-16,Canberra
Gordon,630000.0,2022-06-14,Canberra
Gordon,820000.0,2022-06-23,Canberra
Gordon,608000.0,2022-09-09,Canberra
Gordon,635000.0,2022-09-07,Canberra
Gordon,650000.0,2022-06-30,Canberra
Gordon,801000.0,2022-07-15,Canberra
Gordon,600000.0,2022-07-19,Canberra
Gordon,1130000.0,2022-06-21,Canberra
Gordon,850000.0,2022-06-08,Canberra
Gordon,820000.0,2022-06-25,Canberra
Gordon,990000.0,2022-07-08,Canberra
Gordon,781000.0,2022-07-02,Canberra
Gordon,925000.0,2022-02-22,Canberra
Gordon,750000.0,2022-06-30,Canberra
Gordon,679500.0,2022-06-08,Canberra
Gordon,965000.0,2022-05-21,Canberra
Gordon,720000.0,2022-06-06,Canberra
Gordon,1265000.0,2022-05-20,Canberra
Gordon,1150000.0,2022-04-28,Canberra
Gordon,680000.0,2022-07-21,Canberra
Gordon,1100000.0,2022-05-27,Canberra
Gordon,700000.0,2022-05-03,Canberra
Gordon,1080000.0,2022-05-07,Canberra
Gordon,821000.0,2022-05-27,Canberra
Gordon,645000.0,2022-05-25,Canberra
Gordon,680000.0,2022-07-07,Canberra
Gordon,1110000.0,2022-05-23,Canberra
Gordon,950000.0,2022-05-20,Canberra
Gordon,590000.0,2022-05-27,Canberra
Gordon,910000.0,2022-07-02,Canberra
Gordon,750000.0,2022-06-30,Canberra
Gordon,615000.0,2022-05-24,Canberra
Gordon,1010000.0,2022-02-23,Canberra
Gordon,1070000.0,2022-04-27,Canberra
Gordon,1110000.0,2022-05-04,Canberra
Gordon,1320000.0,2022-04-12,Canberra
Gordon,1060000.0,2022-04-08,Canberra
Gordon,1106000.0,2022-04-09,Canberra
Gordon,1127000.0,2022-04-05,Canberra
Gordon,890000.0,2022-06-15,Canberra
Gordon,750000.0,2022-05-03,Canberra
Gordon,518000.0,2022-04-27,Canberra
Gordon,677000.0,2022-05-03,Canberra
Gordon,550000.0,2021-12-16,Canberra
Gordon,887000.0,2022-04-13,Canberra
Gordon,765000.0,2022-04-22,Canberra
Gordon,790000.0,2022-04-06,Canberra
Gordon,765000.0,2022-02-19,Canberra
Gordon,600000.0,2022-03-18,Canberra
Gordon,1150000.0,2022-03-09,Canberra
Gordon,975000.0,2022-04-12,Canberra
Gordon,530000.0,2019-07-30,Canberra
Gordon,1110000.0,2022-03-25,Canberra
Gordon,1000000.0,2022-04-09,Canberra
Gordon,715500.0,2022-04-02,Canberra
Gordon,1050000.0,2022-02-28,Canberra
Gordon,570000.0,2022-05-04,Canberra
Gordon,930000.0,2021-12-03,Canberra
Gordon,1238000.0,2022-02-26,Canberra
Gordon,987950.0,2022-03-11,Canberra
Gordon,720000.0,2022-03-08,Canberra
Gordon,830000.0,2022-03-16,Canberra
Gordon,630000.0,2022-03-09,Canberra
Gordon,725000.0,2022-02-16,Canberra
Gordon,650000.0,2022-04-11,Canberra
Gordon,670000.0,2022-02-19,Canberra
Gordon,790000.0,2022-04-08,Canberra
Gordon,900000.0,2022-02-14,Canberra
Gordon,1155000.0,2022-01-28,Canberra
Gordon,844000.0,2022-02-24,Canberra
Gordon,595567.0,2022-02-23,Canberra
Gordon,815000.0,2022-04-04,Canberra
Gordon,950000.0,2022-02-22,Canberra
Gordon,500000.0,2022-02-18,Canberra
Gordon,890500.0,2022-02-12,Canberra
Gordon,765000.0,2021-11-09,Canberra
Gordon,690000.0,2022-02-15,Canberra
Gordon,752000.0,2022-02-02,Canberra
Gordon,1120000.0,2022-01-25,Canberra
Gordon,850000.0,2021-11-25,Canberra
Greenway,450000.0,2023-03-16,Canberra
Greenway,531900.0,2023-03-12,Canberra
Greenway,420000.0,2022-11-28,Canberra
Greenway,730000.0,2023-01-17,Canberra
Greenway,880000.0,2023-02-17,Canberra
Greenway,549900.0,2023-02-06,Canberra
Greenway,640000.0,2023-01-25,Canberra
Greenway,700000.0,2022-12-14,Canberra
Greenway,410000.0,2023-02-27,Canberra
Greenway,405000.0,2023-01-19,Canberra
Greenway,399000.0,2021-07-15,Canberra
Greenway,593000.0,2021-12-13,Canberra
Greenway,369000.0,2022-12-21,Canberra
Greenway,360000.0,2022-10-18,Canberra
Greenway,319000.0,2021-05-18,Canberra
Greenway,319000.0,2020-12-11,Canberra
Greenway,639000.0,2023-02-17,Canberra
Greenway,480000.0,2023-01-19,Canberra
Greenway,700000.0,2023-02-15,Canberra
Greenway,370000.0,2023-02-14,Canberra
Greenway,470000.0,2023-02-11,Canberra
Greenway,767777.0,2023-02-10,Canberra
Greenway,444000.0,2021-11-15,Canberra
Greenway,448000.0,2022-12-14,Canberra
Greenway,344000.0,2020-09-22,Canberra
Greenway,540000.0,2022-02-24,Canberra
Greenway,439000.0,2021-09-24,Canberra
Greenway,540000.0,2022-02-17,Canberra
Greenway,344000.0,2020-12-01,Canberra
Greenway,344000.0,2020-10-08,Canberra
Greenway,414000.0,2021-11-23,Canberra
Greenway,580000.0,2021-12-07,Canberra
Greenway,580000.0,2022-01-13,Canberra
Greenway,525000.0,2022-12-22,Canberra
Greenway,489000.0,2021-12-03,Canberra
Greenway,580000.0,2021-12-14,Canberra
Greenway,401000.0,2023-01-09,Canberra
Greenway,499000.0,2021-12-03,Canberra
Greenway,450000.0,2022-11-23,Canberra
Greenway,462900.0,2021-11-08,Canberra
Greenway,725000.0,2022-10-31,Canberra
Greenway,715000.0,2023-01-16,Canberra
Greenway,630000.0,2022-11-18,Canberra
Greenway,760000.0,2022-11-08,Canberra
Greenway,550000.0,2022-12-06,Canberra
Greenway,720000.0,2022-11-15,Canberra
Greenway,457000.0,2022-10-27,Canberra
Greenway,558000.0,2022-12-22,Canberra
Greenway,372500.0,2022-12-22,Canberra
Greenway,660000.0,2022-12-21,Canberra
Greenway,360000.0,2022-10-19,Canberra
Greenway,530000.0,2022-11-14,Canberra
Greenway,635000.0,2022-11-25,Canberra
Greenway,625000.0,2022-07-29,Canberra
Greenway,397000.0,2022-12-16,Canberra
Greenway,475000.0,2022-06-30,Canberra
Greenway,750000.0,2022-12-15,Canberra
Greenway,570000.0,2022-12-15,Canberra
Greenway,610000.0,2022-11-04,Canberra
Greenway,425000.0,2022-12-12,Canberra
Greenway,995000.0,2022-12-10,Canberra
Greenway,770000.0,2022-12-09,Canberra
Greenway,550000.0,2022-12-06,Canberra
Greenway,210000.0,2022-11-10,Canberra
Greenway,920000.0,2022-09-08,Canberra
Greenway,425000.0,2022-10-22,Canberra
Greenway,410000.0,2022-11-04,Canberra
Greenway,568900.0,2022-07-20,Canberra
Greenway,900000.0,2022-11-09,Canberra
Greenway,725000.0,2022-10-25,Canberra
Greenway,852500.0,2022-11-30,Canberra
Greenway,705000.0,2022-10-21,Canberra
Greenway,620000.0,2022-10-19,Canberra
Greenway,418300.0,2022-10-17,Canberra
Greenway,560000.0,2022-10-20,Canberra
Greenway,400000.0,2022-11-24,Canberra
Greenway,915500.0,2022-08-05,Canberra
Greenway,685000.0,2022-11-22,Canberra
Greenway,415000.0,2022-11-21,Canberra
Greenway,395000.0,2022-10-05,Canberra
Greenway,375000.0,2022-10-04,Canberra
Greenway,349900.0,2022-10-03,Canberra
Greenway,371900.0,2019-05-17,Canberra
Greenway,965000.0,2022-08-05,Canberra
Greenway,576900.0,2022-09-27,Canberra
Greenway,500000.0,2022-06-28,Canberra
Greenway,670000.0,2022-08-22,Canberra
Greenway,402000.0,2022-09-27,Canberra
Greenway,457000.0,2022-10-27,Canberra
Greenway,410000.0,2022-10-25,Canberra
Greenway,880000.0,2022-08-19,Canberra
Greenway,420000.0,2022-10-18,Canberra
Greenway,360000.0,2022-10-18,Canberra
Greenway,411900.0,2019-06-08,Canberra
Greenway,455000.0,2022-03-01,Canberra
Greenway,383900.0,2019-05-08,Canberra
Greenway,400000.0,2022-08-31,Canberra
Greenway,561000.0,2022-10-14,Canberra
Greenway,890000.0,2022-07-27,Canberra
Greenway,365239.0,2022-07-28,Canberra
Greenway,319900.0,2019-06-04,Canberra
Greenway,960000.0,2022-06-27,Canberra
Greenway,304900.0,2021-05-17,Canberra
Greenway,434900.0,2020-03-02,Canberra
Greenway,565000.0,2022-10-06,Canberra
Greenway,319900.0,2022-08-15,Canberra
Greenway,375000.0,2022-08-23,Canberra
Greenway,555900.0,2022-01-17,Canberra
Greenway,374900.0,2022-08-15,Canberra
Greenway,305900.0,2022-01-19,Canberra
Greenway,650900.0,2021-05-10,Canberra
Greenway,320900.0,2021-06-06,Canberra
Greenway,370000.0,2022-09-06,Canberra
Greenway,369900.0,2019-04-01,Canberra
Greenway,678900.0,2020-10-20,Canberra
Greenway,351722.0,2019-11-04,Canberra
Greenway,621253.0,2021-04-13,Canberra
Greenway,667900.0,2021-04-17,Canberra
Greenway,299900.0,2019-05-14,Canberra
Greenway,335900.0,2021-04-16,Canberra
Greenway,312900.0,2021-09-27,Canberra
Greenway,698900.0,2020-09-02,Canberra
Greenway,456900.0,2021-11-23,Canberra
Greenway,424900.0,2022-05-05,Canberra
Greenway,415900.0,2019-07-01,Canberra
Greenway,389900.0,2019-03-02,Canberra
Greenway,375900.0,2019-05-13,Canberra
Greenway,339900.0,2019-04-11,Canberra
Greenway,518900.0,2021-12-27,Canberra
Greenway,477900.0,2021-11-03,Canberra
Greenway,449900.0,2021-04-28,Canberra
Greenway,383900.0,2019-05-03,Canberra
Greenway,374900.0,2022-08-05,Canberra
Greenway,408900.0,2019-06-16,Canberra
Greenway,460400.0,2019-03-04,Canberra
Greenway,647000.0,2021-02-26,Canberra
Greenway,422900.0,2019-06-09,Canberra
Greenway,459000.0,2022-04-27,Canberra
Greenway,376900.0,2019-04-03,Canberra
Greenway,496900.0,2020-07-02,Canberra
Greenway,430000.0,2019-07-01,Canberra
Greenway,450000.0,2019-10-09,Canberra
Greenway,392900.0,2019-04-15,Canberra
Greenway,455900.0,2021-08-07,Canberra
Greenway,528900.0,2022-02-12,Canberra
Greenway,297900.0,2021-08-13,Canberra
Greenway,672400.0,2019-03-04,Canberra
Greenway,310900.0,2021-07-21,Canberra
Greenway,450900.0,2021-11-22,Canberra
Greenway,511900.0,2021-01-17,Canberra
Greenway,484900.0,2021-11-29,Canberra
Greenway,340000.0,2019-10-02,Canberra
Greenway,325900.0,2019-06-19,Canberra
Greenway,311900.0,2021-03-15,Canberra
Greenway,297400.0,2019-03-13,Canberra
Greenway,510900.0,2021-10-05,Canberra
Greenway,327900.0,2019-05-25,Canberra
Greenway,595000.0,2022-08-05,Canberra
Greenway,360000.0,2022-07-19,Canberra
Greenway,483900.0,2021-11-08,Canberra
Greenway,305900.0,2021-05-25,Canberra
Greenway,684900.0,2019-03-20,Canberra
Greenway,334900.0,2021-08-15,Canberra
Greenway,679900.0,2019-02-28,Canberra
Greenway,455900.0,2021-03-26,Canberra
Greenway,389900.0,2019-03-11,Canberra
Greenway,324900.0,2022-06-24,Canberra
Greenway,322900.0,2019-05-28,Canberra
Greenway,675900.0,2021-09-03,Canberra
Greenway,770000.0,2022-09-21,Canberra
Greenway,408900.0,2019-06-24,Canberra
Greenway,197500.0,2018-09-28,Canberra
Greenway,580000.0,2022-07-20,Canberra
Greenway,490000.0,2022-08-12,Canberra
Greenway,440000.0,2022-08-10,Canberra
Greenway,442000.0,2022-09-16,Canberra
Greenway,885000.0,2022-03-29,Canberra
Greenway,345000.0,2022-07-01,Canberra
Greenway,900000.0,2022-07-12,Canberra
Greenway,529900.0,2021-05-13,Canberra
Greenway,820000.0,2022-07-29,Canberra
Greenway,390000.0,2022-07-14,Canberra
Greenway,639900.0,2021-12-22,Canberra
Greenway,590000.0,2022-09-09,Canberra
Greenway,475000.0,2022-07-20,Canberra
Greenway,445000.0,2021-03-10,Canberra
Greenway,679900.0,2021-03-05,Canberra
Greenway,638700.0,2021-03-23,Canberra
Greenway,500000.0,2021-05-26,Canberra
Greenway,780000.0,2022-01-27,Canberra
Greenway,699900.0,2021-05-05,Canberra
Greenway,489900.0,2020-12-24,Canberra
Greenway,599900.0,2021-05-13,Canberra
Greenway,539900.0,2021-05-18,Canberra
Greenway,659900.0,2021-03-30,Canberra
Greenway,539900.0,2021-05-13,Canberra
Greenway,629900.0,2021-12-03,Canberra
Greenway,370000.0,2022-09-06,Canberra
Greenway,559900.0,2020-12-29,Canberra
Greenway,539000.0,2020-12-10,Canberra
Greenway,529000.0,2021-05-13,Canberra
Greenway,570000.0,2022-09-05,Canberra
Greenway,670000.0,2022-09-01,Canberra
Greenway,555000.0,2020-12-24,Canberra
Greenway,579900.0,2020-12-21,Canberra
Greenway,539900.0,2021-03-10,Canberra
Greenway,690000.0,2022-03-03,Canberra
Greenway,689900.0,2021-12-17,Canberra
Greenway,609900.0,2021-01-05,Canberra
Greenway,679900.0,2021-11-12,Canberra
Greenway,499000.0,2020-12-23,Canberra
Greenway,689900.0,2021-08-26,Canberra
Greenway,609900.0,2021-03-19,Canberra
Greenway,548000.0,2021-02-12,Canberra
Greenway,405000.0,2022-07-11,Canberra
Greenway,559900.0,2021-01-25,Canberra
Greenway,770000.0,2022-06-28,Canberra
Greenway,690000.0,2022-07-15,Canberra
Greenway,825000.0,2022-08-24,Canberra
Greenway,510001.0,2022-07-05,Canberra
Greenway,495000.0,2022-08-17,Canberra
Greenway,570000.0,2022-08-16,Canberra
Greenway,660000.0,2022-08-12,Canberra
Greenway,755000.0,2022-06-18,Canberra
Greenway,385000.0,2022-08-09,Canberra
Greenway,830000.0,2022-06-30,Canberra
Greenway,657000.0,2022-08-03,Canberra
Greenway,630000.0,2022-06-24,Canberra
Greenway,850000.0,2022-06-23,Canberra
Greenway,350000.0,2022-07-30,Canberra
Greenway,605000.0,2022-06-14,Canberra
Greenway,380000.0,2022-04-19,Canberra
Greenway,650000.0,2022-07-26,Canberra
Greenway,560000.0,2022-06-16,Canberra
Greenway,536000.0,2022-06-29,Canberra
Greenway,342600.0,2022-06-23,Canberra
Greenway,274000.0,2021-12-30,Canberra
Greenway,750000.0,2022-06-04,Canberra
Greenway,430000.0,2022-05-28,Canberra
Greenway,895000.0,2022-06-17,Canberra
Greenway,670000.0,2022-05-26,Canberra
Greenway,421000.0,2022-06-10,Canberra
Greenway,665000.0,2022-05-17,Canberra
Greenway,405000.0,2022-07-18,Canberra
Greenway,775000.0,2022-04-01,Canberra
Greenway,997500.0,2022-05-28,Canberra
Greenway,810000.0,2022-05-19,Canberra
Greenway,750000.0,2021-10-23,Canberra
Greenway,383000.0,2022-07-06,Canberra
Greenway,825000.0,2022-07-06,Canberra
Greenway,466000.0,2022-07-05,Canberra
Greenway,500000.0,2022-07-04,Canberra
Greenway,815000.0,2022-04-04,Canberra
Greenway,440000.0,2022-07-01,Canberra
Greenway,480000.0,2022-05-20,Canberra
Greenway,625000.0,2022-06-29,Canberra
Greenway,400000.0,2022-04-11,Canberra
Greenway,532500.0,2022-05-11,Canberra
Greenway,460000.0,2022-06-20,Canberra
Greenway,482000.0,2022-05-09,Canberra
Greenway,490000.0,2022-06-17,Canberra
Greenway,520000.0,2022-06-17,Canberra
Greenway,410000.0,2022-06-15,Canberra
Greenway,460000.0,2022-06-07,Canberra
Greenway,442000.0,2022-04-19,Canberra
Greenway,525000.0,2022-06-02,Canberra
Greenway,450000.0,2022-06-01,Canberra
Greenway,770000.0,2022-04-09,Canberra
Greenway,390000.0,2022-04-28,Canberra
Greenway,770000.0,2022-04-07,Canberra
Greenway,690000.0,2022-04-05,Canberra
Greenway,377500.0,2022-03-23,Canberra
Greenway,460000.0,2022-04-01,Canberra
Greenway,740000.0,2022-03-01,Canberra
Greenway,505000.0,2022-03-18,Canberra
Greenway,470000.0,2022-05-11,Canberra
Greenway,610000.0,2022-03-25,Canberra
Greenway,340000.0,2022-05-09,Canberra
Greenway,580000.0,2022-04-01,Canberra
Greenway,815000.0,2022-03-04,Canberra
Greenway,529000.0,2020-09-11,Canberra
Greenway,755000.0,2022-03-09,Canberra
Greenway,420000.0,2022-03-25,Canberra
Greenway,391000.0,2022-04-27,Canberra
Greenway,390000.0,2022-03-15,Canberra
Greenway,720000.0,2022-04-13,Canberra
Greenway,548500.0,2022-03-08,Canberra
Greenway,1255000.0,2022-03-09,Canberra
Greenway,770000.0,2022-04-09,Canberra
Greenway,1000000.0,2021-12-16,Canberra
Greenway,570000.0,2022-04-05,Canberra
Greenway,980000.0,2022-02-26,Canberra
Greenway,360000.0,2022-02-10,Canberra
Greenway,670000.0,2022-04-04,Canberra
Greenway,870000.0,2022-02-03,Canberra
Greenway,387000.0,2022-02-16,Canberra
Greenway,912500.0,2022-03-26,Canberra
Greenway,895000.0,2022-03-25,Canberra
Greenway,590000.0,2021-12-15,Canberra
Gungahlin,405000.0,2023-03-08,Canberra
Gungahlin,615000.0,2021-07-23,Canberra
Gungahlin,450000.0,2023-03-07,Canberra
Gungahlin,1075000.0,2023-01-30,Canberra
Gungahlin,385000.0,2023-02-01,Canberra
Gungahlin,885000.0,2023-01-10,Canberra
Gungahlin,525000.0,2023-01-13,Canberra
Gungahlin,450000.0,2023-03-02,Canberra
Gungahlin,430000.0,2023-03-01,Canberra
Gungahlin,605000.0,2023-01-12,Canberra
Gungahlin,360000.0,2023-02-27,Canberra
Gungahlin,352000.0,2023-02-22,Canberra
Gungahlin,399900.0,2019-10-15,Canberra
Gungahlin,453000.0,2023-01-12,Canberra
Gungahlin,330000.0,2023-02-20,Canberra
Gungahlin,394500.0,2023-02-17,Canberra
Gungahlin,450000.0,2019-05-01,Canberra
Gungahlin,485000.0,2022-12-06,Canberra
Gungahlin,440000.0,2023-02-07,Canberra
Gungahlin,390000.0,2022-12-21,Canberra
Gungahlin,376000.0,2023-02-03,Canberra
Gungahlin,495000.0,2022-12-12,Canberra
Gungahlin,750000.0,2022-12-19,Canberra
Gungahlin,1002000.0,2023-01-31,Canberra
Gungahlin,352000.0,2023-01-31,Canberra
Gungahlin,1580000.0,2022-10-22,Canberra
Gungahlin,410000.0,2023-01-30,Canberra
Gungahlin,392500.0,2022-12-23,Canberra
Gungahlin,430000.0,2022-12-23,Canberra
Gungahlin,950000.0,2022-12-19,Canberra
Gungahlin,705000.0,2022-12-03,Canberra
Gungahlin,303900.0,2018-08-30,Canberra
Gungahlin,465000.0,2022-12-07,Canberra
Gungahlin,1280000.0,2022-10-18,Canberra
Gungahlin,438000.0,2019-05-07,Canberra
Gungahlin,535000.0,2022-11-23,Canberra
Gungahlin,470000.0,2022-02-14,Canberra
Gungahlin,500000.0,2022-11-29,Canberra
Gungahlin,1100000.0,2022-11-06,Canberra
Gungahlin,550000.0,2023-01-17,Canberra
Gungahlin,389000.0,2022-12-08,Canberra
Gungahlin,505000.0,2022-12-21,Canberra
Gungahlin,782300.0,2022-11-17,Canberra
Gungahlin,420000.0,2022-12-23,Canberra
Gungahlin,1040000.0,2022-11-04,Canberra
Gungahlin,330000.0,2022-12-21,Canberra
Gungahlin,435000.0,2022-12-21,Canberra
Gungahlin,475000.0,2022-11-28,Canberra
Gungahlin,375000.0,2022-11-09,Canberra
Gungahlin,520000.0,2022-10-25,Canberra
Gungahlin,295000.0,2018-10-05,Canberra
Gungahlin,1110000.0,2022-11-18,Canberra
Gungahlin,350000.0,2022-11-18,Canberra
Gungahlin,470000.0,2022-12-15,Canberra
Gungahlin,370000.0,2022-12-15,Canberra
Gungahlin,1296000.0,2022-11-05,Canberra
Gungahlin,1190000.0,2022-11-05,Canberra
Gungahlin,960000.0,2022-10-21,Canberra
Gungahlin,279950.0,2005-03-04,Canberra
Gungahlin,375000.0,2009-04-24,Canberra
Gungahlin,408000.0,2015-07-17,Canberra
Gungahlin,450000.0,2022-10-18,Canberra
Gungahlin,442000.0,2022-12-07,Canberra
Gungahlin,910000.0,2022-10-12,Canberra
Gungahlin,1127000.0,2022-11-01,Canberra
Gungahlin,325000.0,2022-11-25,Canberra
Gungahlin,375000.0,2022-11-04,Canberra
Gungahlin,940000.0,2022-10-28,Canberra
Gungahlin,645000.0,2022-11-07,Canberra
Gungahlin,355000.0,2022-10-25,Canberra
Gungahlin,490000.0,2022-10-24,Canberra
Gungahlin,380000.0,2022-10-14,Canberra
Gungahlin,1020000.0,2022-10-22,Canberra
Gungahlin,405000.0,2022-09-20,Canberra
Gungahlin,350000.0,2022-11-05,Canberra
Gungahlin,650000.0,2022-10-12,Canberra
Gungahlin,606900.0,2018-08-31,Canberra
Gungahlin,430000.0,2022-10-14,Canberra
Gungahlin,650000.0,2022-11-22,Canberra
Gungahlin,455000.0,2022-11-21,Canberra
Gungahlin,786000.0,2022-10-11,Canberra
Gungahlin,530000.0,2022-10-04,Canberra
Gungahlin,540000.0,2022-11-17,Canberra
Gungahlin,1030000.0,2022-11-16,Canberra
Gungahlin,410000.0,2018-10-03,Canberra
Gungahlin,1365000.0,2022-08-20,Canberra
Gungahlin,345000.0,2022-11-08,Canberra
Gungahlin,840000.0,2022-11-04,Canberra
Gungahlin,1092500.0,2022-09-03,Canberra
Gungahlin,545000.0,2022-08-23,Canberra
Gungahlin,345000.0,2022-11-02,Canberra
Gungahlin,1190000.0,2022-09-24,Canberra
Gungahlin,380000.0,2022-10-31,Canberra
Gungahlin,815000.0,2022-08-15,Canberra
Gungahlin,670000.0,2022-06-30,Canberra
Gungahlin,371000.0,2022-09-05,Canberra
Gungahlin,1280000.0,2022-10-18,Canberra
Gungahlin,455000.0,2022-09-06,Canberra
Gungahlin,870000.0,2022-07-01,Canberra
Gungahlin,449900.0,2019-08-06,Canberra
Gungahlin,408000.0,2022-08-17,Canberra
Gungahlin,455000.0,2022-09-09,Canberra
Gungahlin,380000.0,2022-10-11,Canberra
Gungahlin,955000.0,2022-10-08,Canberra
Gungahlin,1150000.0,2022-07-28,Canberra
Gungahlin,450000.0,2022-10-07,Canberra
Gungahlin,580000.0,2022-10-07,Canberra
Gungahlin,528000.0,2022-08-18,Canberra
Gungahlin,850000.0,2022-09-21,Canberra
Gungahlin,595000.0,2022-08-18,Canberra
Gungahlin,526000.0,2022-08-19,Canberra
Gungahlin,1020000.0,2022-08-06,Canberra
Gungahlin,875000.0,2021-12-15,Canberra
Gungahlin,325000.0,2022-02-04,Canberra
Gungahlin,448000.0,2018-08-15,Canberra
Gungahlin,850000.0,2022-08-16,Canberra
Gungahlin,474000.0,2022-08-11,Canberra
Gungahlin,360000.0,2022-08-08,Canberra
Gungahlin,466000.0,2022-09-20,Canberra
Gungahlin,390000.0,2022-09-14,Canberra
Gungahlin,522500.0,2022-08-04,Canberra
Gungahlin,360000.0,2022-08-01,Canberra
Gungahlin,500100.0,2022-07-21,Canberra
Gungahlin,348000.0,2018-11-28,Canberra
Gungahlin,960500.0,2022-07-02,Canberra
Gungahlin,655000.0,2022-09-07,Canberra
Gungahlin,250000.0,2007-03-08,Canberra
Gungahlin,480000.0,2022-07-11,Canberra
Gungahlin,507000.0,2022-07-22,Canberra
Gungahlin,820000.0,2022-07-06,Canberra
Gungahlin,1335000.0,2022-05-03,Canberra
Gungahlin,480000.0,2022-07-13,Canberra
Gungahlin,533000.0,2022-07-11,Canberra
Gungahlin,422500.0,2022-08-24,Canberra
Gungahlin,446000.0,2018-06-17,Canberra
Gungahlin,960000.0,2022-06-09,Canberra
Gungahlin,465000.0,2022-08-19,Canberra
Gungahlin,430000.0,2022-05-20,Canberra
Gungahlin,1236000.0,2022-06-17,Canberra
Gungahlin,451000.0,2022-08-10,Canberra
Gungahlin,510000.0,2022-07-06,Canberra
Gungahlin,360000.0,2022-08-08,Canberra
Gungahlin,450000.0,2022-07-29,Canberra
Gungahlin,450000.0,2022-07-29,Canberra
Gungahlin,345000.0,2022-08-03,Canberra
Gungahlin,450000.0,2022-07-29,Canberra
Gungahlin,450000.0,2022-07-29,Canberra
Gungahlin,437500.0,2022-06-23,Canberra
Gungahlin,350500.0,2022-06-23,Canberra
Gungahlin,442000.0,2022-06-20,Canberra
Gungahlin,452000.0,2022-07-27,Canberra
Gungahlin,440000.0,2022-06-15,Canberra
Gungahlin,1215000.0,2022-05-28,Canberra
Gungahlin,900000.0,2022-04-28,Canberra
Gungahlin,810000.0,2022-07-22,Canberra
Gungahlin,385000.0,2022-06-10,Canberra
Gungahlin,415000.0,2022-06-08,Canberra
Gungahlin,290000.0,2019-10-28,Canberra
Gungahlin,1139000.0,2022-05-26,Canberra
Gungahlin,465000.0,2022-07-18,Canberra
Gungahlin,485000.0,2022-07-13,Canberra
Gungahlin,505000.0,2022-05-27,Canberra
Gungahlin,1425000.0,2022-05-27,Canberra
Gungahlin,1022000.0,2022-05-20,Canberra
Gungahlin,378000.0,2022-05-20,Canberra
Gungahlin,915000.0,2022-02-16,Canberra
Gungahlin,362500.0,2022-05-12,Canberra
Gungahlin,440000.0,2021-06-16,Canberra
Gungahlin,468000.0,2022-05-20,Canberra
Gungahlin,350000.0,2022-06-23,Canberra
Gungahlin,595000.0,2022-05-10,Canberra
Gungahlin,511000.0,2022-03-04,Canberra
Gungahlin,1140000.0,2022-05-11,Canberra
Gungahlin,511000.0,2022-05-03,Canberra
Gungahlin,349500.0,2022-06-18,Canberra
Gungahlin,980000.0,2022-03-23,Canberra
Gungahlin,501900.0,2018-09-11,Canberra
Gungahlin,235000.0,2022-06-06,Canberra
Gungahlin,360001.0,2022-05-03,Canberra
Gungahlin,880000.0,2022-04-01,Canberra
Gungahlin,599000.0,2022-06-10,Canberra
Gungahlin,1175000.0,2022-06-10,Canberra
Gungahlin,600000.0,2022-06-08,Canberra
Gungahlin,830000.0,2022-06-02,Canberra
Gungahlin,335000.0,2022-06-01,Canberra
Gungahlin,397000.0,2022-04-14,Canberra
Gungahlin,338000.0,2022-04-07,Canberra
Gungahlin,355000.0,2022-04-07,Canberra
Gungahlin,508250.0,2022-04-06,Canberra
Gungahlin,1050000.0,2022-02-18,Canberra
Gungahlin,365000.0,2022-04-19,Canberra
Gungahlin,520000.0,2022-05-30,Canberra
Gungahlin,1273500.0,2022-03-30,Canberra
Gungahlin,289500.0,2015-08-04,Canberra
Gungahlin,860000.0,2022-03-29,Canberra
Gungahlin,363000.0,2018-10-05,Canberra
Gungahlin,1600000.0,2022-03-21,Canberra
Gungahlin,575000.0,2022-05-10,Canberra
Gungahlin,370000.0,2022-04-04,Canberra
Gungahlin,560000.0,2022-04-19,Canberra
Gungahlin,345000.0,2022-05-12,Canberra
Gungahlin,331000.0,2022-05-10,Canberra
Gungahlin,349545.0,2022-05-09,Canberra
Gungahlin,520000.0,2022-03-29,Canberra
Gungahlin,367500.0,2022-03-30,Canberra
Gungahlin,335000.0,2022-03-18,Canberra
Gungahlin,850000.0,2022-05-05,Canberra
Gungahlin,490000.0,2022-03-24,Canberra
Gungahlin,437000.0,2022-02-24,Canberra
Gungahlin,572500.0,2022-03-23,Canberra
Gungahlin,1240000.0,2022-03-10,Canberra
Gungahlin,1051000.0,2022-03-16,Canberra
Gungahlin,352695.0,2022-04-29,Canberra
Gungahlin,1300000.0,2022-04-13,Canberra
Gungahlin,795000.0,2022-04-27,Canberra
Gungahlin,502100.0,2022-03-21,Canberra
Gungahlin,1120000.0,2022-02-15,Canberra
Gungahlin,337500.0,2022-04-21,Canberra
Gungahlin,500000.0,2022-02-26,Canberra
Gungahlin,875000.0,2022-02-26,Canberra
Gungahlin,310000.0,2022-03-09,Canberra
Gungahlin,1350000.0,2022-04-15,Canberra
Gungahlin,875000.0,2022-04-14,Canberra
Gungahlin,1430000.0,2022-02-19,Canberra
Gungahlin,573000.0,2022-02-01,Canberra
Gungahlin,555000.0,2022-03-07,Canberra
Gungahlin,412000.0,2022-04-09,Canberra
Gungahlin,595000.0,2022-04-08,Canberra
Gungahlin,350000.0,2022-04-07,Canberra
Gungahlin,500000.0,2022-02-28,Canberra
Gungahlin,403000.0,2022-04-07,Canberra
Gungahlin,350000.0,2022-03-07,Canberra
Gungahlin,570000.0,2022-02-01,Canberra
Gungahlin,335000.0,2022-04-04,Canberra
Gungahlin,357000.0,2022-02-28,Canberra
Gungahlin,575000.0,2022-04-04,Canberra
Gungahlin,370000.0,2021-09-29,Canberra
Gungahlin,300000.0,2022-03-09,Canberra
Gungahlin,350000.0,2021-11-11,Canberra
Gungahlin,39000.0,2022-02-18,Canberra
Gungahlin,970000.0,2022-02-04,Canberra
Gungahlin,396000.0,2022-02-14,Canberra
Gungahlin,745000.0,2021-12-15,Canberra
Gungahlin,360000.0,2021-10-28,Canberra
Gungahlin,970000.0,2022-03-24,Canberra
Gungahlin,316900.0,2018-09-17,Canberra
Gungahlin,497000.0,2022-03-24,Canberra
Gungahlin,1115000.0,2022-03-22,Canberra
Gungahlin,922500.0,2022-02-01,Canberra
Harrison,388500.0,2023-03-17,Canberra
Harrison,376000.0,2023-03-16,Canberra
Harrison,2100000.0,2023-03-10,Canberra
Harrison,1190000.0,2022-09-20,Canberra
Harrison,1275000.0,2023-03-03,Canberra
Harrison,1175000.0,2023-03-03,Canberra
Harrison,1500000.0,2022-11-04,Canberra
Harrison,1060000.0,2023-03-01,Canberra
Harrison,1030000.0,2023-01-27,Canberra
Harrison,1200000.0,2023-02-17,Canberra
Harrison,391500.0,2023-02-17,Canberra
Harrison,550000.0,2023-01-18,Canberra
Harrison,700000.0,2023-02-15,Canberra
Harrison,395000.0,2023-02-13,Canberra
Harrison,960000.0,2022-12-29,Canberra
Harrison,1220000.0,2022-11-28,Canberra
Harrison,1165000.0,2022-11-25,Canberra
Harrison,850000.0,2022-12-02,Canberra
Harrison,415000.0,2023-01-27,Canberra
Harrison,830000.0,2022-12-16,Canberra
Harrison,981000.0,2022-12-10,Canberra
Harrison,566500.0,2023-01-16,Canberra
Harrison,800000.0,2022-12-08,Canberra
Harrison,1100000.0,2022-11-25,Canberra
Harrison,1104000.0,2022-10-08,Canberra
Harrison,520000.0,2022-12-20,Canberra
Harrison,1077000.0,2022-11-09,Canberra
Harrison,944000.0,2022-11-12,Canberra
Harrison,940000.0,2022-10-28,Canberra
Harrison,669000.0,2022-11-18,Canberra
Harrison,310000.0,2013-08-01,Canberra
Harrison,636000.0,2022-12-13,Canberra
Harrison,1500000.0,2022-08-10,Canberra
Harrison,492500.0,2022-10-07,Canberra
Harrison,1211000.0,2022-10-31,Canberra
Harrison,1105000.0,2022-09-29,Canberra
Harrison,850000.0,2022-12-02,Canberra
Harrison,1005000.0,2022-10-10,Canberra
Harrison,1325000.0,2022-09-06,Canberra
Harrison,624000.0,2022-10-08,Canberra
Harrison,1175000.0,2022-10-10,Canberra
Harrison,720000.0,2022-10-07,Canberra
Harrison,482500.0,2022-11-07,Canberra
Harrison,485000.0,2008-10-29,Canberra
Harrison,700000.0,2022-10-11,Canberra
Harrison,1115000.0,2022-09-09,Canberra
Harrison,1070000.0,2022-10-06,Canberra
Harrison,630000.0,2022-11-18,Canberra
Harrison,1062000.0,2022-10-17,Canberra
Harrison,517000.0,2022-11-08,Canberra
Harrison,485000.0,2022-09-29,Canberra
Harrison,725000.0,2022-09-09,Canberra
Harrison,1180000.0,2022-09-29,Canberra
Harrison,697599.0,2022-09-20,Canberra
Harrison,1140000.0,2022-09-19,Canberra
Harrison,1090000.0,2022-09-21,Canberra
Harrison,800000.0,2022-09-26,Canberra
Harrison,786500.0,2022-08-22,Canberra
Harrison,700000.0,2022-07-12,Canberra
Harrison,1010000.0,2022-09-08,Canberra
Harrison,1100000.0,2022-08-10,Canberra
Harrison,1037000.0,2022-08-21,Canberra
Harrison,1656000.0,2022-08-19,Canberra
Harrison,570000.0,2022-08-30,Canberra
Harrison,920000.0,2022-08-04,Canberra
Harrison,1130000.0,2022-09-05,Canberra
Harrison,830000.0,2022-09-06,Canberra
Harrison,1005000.0,2022-10-10,Canberra
Harrison,710000.0,2022-08-12,Canberra
Harrison,1210000.0,2022-08-18,Canberra
Harrison,6850.0,2022-09-16,Canberra
Harrison,487000.0,2022-09-30,Canberra
Harrison,1255000.0,2022-08-02,Canberra
Harrison,1025000.0,2022-08-09,Canberra
Harrison,485000.0,2019-03-22,Canberra
Harrison,900000.0,2022-07-23,Canberra
Harrison,832500.0,2022-08-05,Canberra
Harrison,876000.0,2022-07-16,Canberra
Harrison,1125000.0,2022-08-10,Canberra
Harrison,890000.0,2022-07-02,Canberra
Harrison,1000000.0,2022-08-16,Canberra
Harrison,1230000.0,2022-07-19,Canberra
Harrison,1068000.0,2022-07-05,Canberra
Harrison,940000.0,2022-07-11,Canberra
Harrison,378000.0,2022-09-02,Canberra
Harrison,1100000.0,2022-07-19,Canberra
Harrison,636000.0,2022-08-26,Canberra
Harrison,493000.0,2022-08-25,Canberra
Harrison,665000.0,2022-07-12,Canberra
Harrison,1030000.0,2022-07-05,Canberra
Harrison,638000.0,2022-07-04,Canberra
Harrison,1080000.0,2022-05-14,Canberra
Harrison,435000.0,2022-05-20,Canberra
Harrison,650000.0,2022-07-29,Canberra
Harrison,650000.0,2022-07-29,Canberra
Harrison,1120000.0,2022-06-07,Canberra
Harrison,600000.0,2022-06-23,Canberra
Harrison,875000.0,2022-05-21,Canberra
Harrison,445000.0,2022-05-31,Canberra
Harrison,393000.0,2022-07-22,Canberra
Harrison,575000.0,2022-07-22,Canberra
Harrison,900000.0,2022-06-23,Canberra
Harrison,1121000.0,2022-05-24,Canberra
Harrison,1070000.0,2022-05-28,Canberra
Harrison,800000.0,2022-06-30,Canberra
Harrison,942000.0,2022-05-07,Canberra
Harrison,445000.0,2022-07-07,Canberra
Harrison,530001.0,2022-07-01,Canberra
Harrison,585000.0,2022-06-30,Canberra
Harrison,756000.0,2022-05-16,Canberra
Harrison,550000.0,2022-04-30,Canberra
Harrison,436000.0,2022-06-21,Canberra
Harrison,545000.0,2022-06-21,Canberra
Harrison,1523000.0,2022-05-03,Canberra
Harrison,412500.0,2022-06-17,Canberra
Harrison,495000.0,2022-06-17,Canberra
Harrison,498000.0,2022-05-03,Canberra
Harrison,715000.0,2022-02-26,Canberra
Harrison,370000.0,2022-04-27,Canberra
Harrison,510000.0,2022-06-07,Canberra
Harrison,495000.0,2022-04-22,Canberra
Harrison,1250000.0,2022-04-19,Canberra
Harrison,1175000.0,2022-05-29,Canberra
Harrison,650000.0,2022-04-13,Canberra
Harrison,1150000.0,2022-05-20,Canberra
Harrison,660000.0,2016-02-17,Canberra
Harrison,418500.0,2022-05-19,Canberra
Harrison,725000.0,2022-04-11,Canberra
Harrison,1375000.0,2022-03-09,Canberra
Harrison,1001000.0,2022-03-31,Canberra
Harrison,630000.0,2022-04-11,Canberra
Harrison,1220000.0,2022-04-02,Canberra
Harrison,425000.0,2022-03-29,Canberra
Harrison,639850.0,2022-05-09,Canberra
Harrison,730000.0,2022-03-11,Canberra
Harrison,630000.0,2022-03-26,Canberra
Harrison,1145000.0,2022-03-24,Canberra
Harrison,450000.0,2022-03-04,Canberra
Harrison,377995.0,2022-03-10,Canberra
Harrison,990000.0,2022-02-19,Canberra
Harrison,1280000.0,2022-04-15,Canberra
Harrison,550000.0,2022-04-14,Canberra
Harrison,490000.0,2022-02-16,Canberra
Harrison,750000.0,2022-01-12,Canberra
Harrison,735000.0,2022-01-31,Canberra
Harrison,1250000.0,2022-02-19,Canberra
Harrison,920000.0,2022-02-17,Canberra
Harrison,1175000.0,2022-03-08,Canberra
Harrison,874000.0,2018-09-28,Canberra
Harrison,1226000.0,2022-02-12,Canberra
Harrison,1152500.0,2022-02-23,Canberra
Harrison,628000.0,2022-02-28,Canberra
Harrison,355000.0,2022-04-01,Canberra
Harrison,715000.0,2022-03-03,Canberra
Harrison,495000.0,2022-03-30,Canberra
Harrison,1191000.0,2022-03-29,Canberra
Harrison,1230000.0,2022-02-10,Canberra
Harrison,367000.0,2022-02-18,Canberra
Harrison,440000.0,2022-03-23,Canberra
Harrison,1950000.0,2022-03-21,Canberra
Holt,730000.0,2023-03-17,Canberra
Holt,700000.0,2023-03-17,Canberra
Holt,660000.0,2023-03-16,Canberra
Holt,770000.0,2023-03-15,Canberra
Holt,745000.0,2023-03-10,Canberra
Holt,835000.0,2023-03-10,Canberra
Holt,620000.0,2023-01-30,Canberra
Holt,925000.0,2021-11-28,Canberra
Holt,690000.0,2023-02-21,Canberra
Holt,860000.0,2022-12-17,Canberra
Holt,765000.0,2023-02-18,Canberra
Holt,400000.0,2023-01-12,Canberra
Holt,810000.0,2022-12-22,Canberra
Holt,530000.0,2022-12-21,Canberra
Holt,650000.0,2023-01-10,Canberra
Holt,613000.0,2022-12-20,Canberra
Holt,782000.0,2022-11-16,Canberra
Holt,360000.0,2022-12-15,Canberra
Holt,340000.0,2022-11-30,Canberra
Holt,32500.0,2022-05-06,Canberra
Holt,915000.0,2022-11-10,Canberra
Holt,765000.0,2022-11-07,Canberra
Holt,430000.0,2022-12-05,Canberra
Holt,987000.0,2022-12-09,Canberra
Holt,805000.0,2022-12-01,Canberra
Holt,425000.0,2022-12-13,Canberra
Holt,665000.0,2022-10-15,Canberra
Holt,415000.0,2022-11-08,Canberra
Holt,400000.0,2022-11-13,Canberra
Holt,1553333.0,2022-09-05,Canberra
Holt,261000.0,2018-01-12,Canberra
Holt,290000.0,2018-04-30,Canberra
Holt,910000.0,2022-09-24,Canberra
Holt,710000.0,2022-10-15,Canberra
Holt,762500.0,2022-10-22,Canberra
Holt,590000.0,2022-10-28,Canberra
Holt,670000.0,2022-09-08,Canberra
Holt,670000.0,2022-07-05,Canberra
Holt,537000.0,2022-10-25,Canberra
Holt,980000.0,2022-10-26,Canberra
Holt,449000.0,2022-10-24,Canberra
Holt,441000.0,2022-02-02,Canberra
Holt,965000.0,2022-10-20,Canberra
Holt,795000.0,2022-10-21,Canberra
Holt,521000.0,2022-09-07,Canberra
Holt,434000.0,2021-02-09,Canberra
Holt,434000.0,2021-12-09,Canberra
Holt,925000.0,2022-11-28,Canberra
Holt,810000.0,2022-08-13,Canberra
Holt,434000.0,2021-03-18,Canberra
Holt,680000.0,2022-07-27,Canberra
Holt,434000.0,2021-06-28,Canberra
Holt,434000.0,2020-12-23,Canberra
Holt,434000.0,2021-03-30,Canberra
Holt,441000.0,2022-02-10,Canberra
Holt,900000.0,2022-09-28,Canberra
Holt,434000.0,2021-06-30,Canberra
Holt,434000.0,2020-09-09,Canberra
Holt,434000.0,2021-05-28,Canberra
Holt,441000.0,2022-02-25,Canberra
Holt,434000.0,2021-07-23,Canberra
Holt,885000.0,2022-09-16,Canberra
Holt,441000.0,2022-02-14,Canberra
Holt,820000.0,2022-09-20,Canberra
Holt,434000.0,2021-04-28,Canberra
Holt,434000.0,2020-12-21,Canberra
Holt,680000.0,2022-10-11,Canberra
Holt,434000.0,2021-03-30,Canberra
Holt,780000.0,2022-10-06,Canberra
Holt,434000.0,2020-12-22,Canberra
Holt,434000.0,2021-03-30,Canberra
Holt,441000.0,2022-02-04,Canberra
Holt,441000.0,2022-02-04,Canberra
Holt,441000.0,2022-03-08,Canberra
Holt,565000.0,2022-09-03,Canberra
Holt,796500.0,2022-09-24,Canberra
Holt,434000.0,2021-03-26,Canberra
Holt,735000.0,2022-11-08,Canberra
Holt,590000.0,2022-09-16,Canberra
Holt,750000.0,2022-11-07,Canberra
Holt,434000.0,2020-12-23,Canberra
Holt,434000.0,2020-12-23,Canberra
Holt,441000.0,2022-02-07,Canberra
Holt,370000.0,2022-10-13,Canberra
Holt,730000.0,2022-09-10,Canberra
Holt,1400000.0,2022-09-10,Canberra
Holt,530000.0,2022-09-23,Canberra
Holt,434000.0,2020-12-21,Canberra
Holt,931000.0,2022-04-23,Canberra
Holt,340000.0,2022-09-19,Canberra
Holt,840000.0,2022-07-18,Canberra
Holt,365000.0,2022-08-30,Canberra
Holt,357000.0,2022-09-09,Canberra
Holt,840000.0,2022-08-30,Canberra
Holt,425000.0,2022-05-27,Canberra
Holt,955000.0,2022-08-20,Canberra
Holt,425000.0,2022-08-26,Canberra
Holt,1030000.0,2022-07-27,Canberra
Holt,615000.0,2022-08-04,Canberra
Holt,425000.0,2022-07-28,Canberra
Holt,362000.0,2022-07-29,Canberra
Holt,434000.0,2019-09-04,Canberra
Holt,678000.0,2022-07-04,Canberra
Holt,465000.0,2020-04-06,Canberra
Holt,787474.0,2022-08-01,Canberra
Holt,787474.0,2022-05-08,Canberra
Holt,615000.0,2019-10-09,Canberra
Holt,570000.0,2022-07-28,Canberra
Holt,790000.0,2022-06-29,Canberra
Holt,840000.0,2022-09-03,Canberra
Holt,840000.0,2022-07-02,Canberra
Holt,655000.0,2020-01-24,Canberra
Holt,860000.0,2022-06-10,Canberra
Holt,787474.0,2022-08-01,Canberra
Holt,685000.0,2022-06-23,Canberra
Holt,529500.0,2022-06-30,Canberra
Holt,529500.0,2022-06-30,Canberra
Holt,977000.0,2022-06-08,Canberra
Holt,830000.0,2022-05-23,Canberra
Holt,460000.0,2022-06-17,Canberra
Holt,915000.0,2022-05-21,Canberra
Holt,645000.0,2021-02-02,Canberra
Holt,560000.0,2022-06-02,Canberra
Holt,787474.0,2022-08-01,Canberra
Holt,821000.0,2021-12-18,Canberra
Holt,950000.0,2022-07-23,Canberra
Holt,862000.0,2022-05-20,Canberra
Holt,695000.0,2022-05-28,Canberra
Holt,453000.0,2022-05-24,Canberra
Holt,800000.0,2022-05-12,Canberra
Holt,450000.0,2022-05-11,Canberra
Holt,1015000.0,2022-05-14,Canberra
Holt,700000.0,2022-05-19,Canberra
Holt,870000.0,2022-05-03,Canberra
Holt,787474.0,2022-08-01,Canberra
Holt,826000.0,2022-04-23,Canberra
Holt,610000.0,2022-04-29,Canberra
Holt,930000.0,2022-04-30,Canberra
Holt,815000.0,2022-06-21,Canberra
Holt,888000.0,2022-04-09,Canberra
Holt,840000.0,2022-04-09,Canberra
Holt,805000.0,2022-06-17,Canberra
Holt,625000.0,2022-04-06,Canberra
Holt,940000.0,2022-05-05,Canberra
Holt,1180000.0,2022-04-28,Canberra
Holt,787474.0,2022-08-01,Canberra
Holt,970000.0,2022-03-18,Canberra
Holt,755000.0,2022-04-27,Canberra
Holt,860000.0,2022-04-15,Canberra
Holt,470000.0,2022-03-03,Canberra
Holt,350000.0,2022-04-07,Canberra
Holt,920000.0,2021-11-17,Canberra
Holt,580000.0,2019-03-25,Canberra
Holt,720000.0,2022-03-28,Canberra
Holt,775000.0,2022-03-27,Canberra
Holt,787474.0,2022-08-01,Canberra
Holt,781000.0,2022-04-11,Canberra
Holt,850000.0,2022-03-30,Canberra
Holt,328000.0,2018-09-25,Canberra
Holt,795000.0,2022-03-19,Canberra
Holt,1010000.0,2022-03-17,Canberra
Holt,774000.0,2021-10-15,Canberra
Holt,580000.0,2022-03-12,Canberra
Holt,830000.0,2022-03-26,Canberra
Holt,840000.0,2022-03-08,Canberra
Holt,820000.0,2022-03-05,Canberra
Holt,787474.0,2022-08-01,Canberra
Holt,485000.0,2022-03-09,Canberra
Holt,1060000.0,2022-02-19,Canberra
Holt,637500.0,2022-02-04,Canberra
Holt,870000.0,2022-02-19,Canberra
Holt,980000.0,2022-04-06,Canberra
Holt,498000.0,2022-03-04,Canberra
Holt,345000.0,2022-02-07,Canberra
Holt,850000.0,2022-02-12,Canberra
Holt,785000.0,2022-01-07,Canberra
Holt,787474.0,2022-08-01,Canberra
Holt,658000.0,2022-02-25,Canberra
Holt,675000.0,2021-05-03,Canberra
Holt,615000.0,2022-02-19,Canberra
Holt,1000000.0,2022-03-23,Canberra
Holt,765000.0,2021-10-30,Canberra
Holt,774000.0,2021-08-11,Canberra
Crestwood,770000.0,2023-03-18,Queanbeyan
Crestwood,515000.0,2023-03-14,Queanbeyan
Crestwood,280000.0,2023-02-06,Queanbeyan
Crestwood,350000.0,2023-03-03,Queanbeyan
Crestwood,561000.0,2023-01-30,Queanbeyan
Crestwood,200000.0,2023-02-21,Queanbeyan
Crestwood,185000.0,2023-01-13,Queanbeyan
Crestwood,300000.0,2023-01-20,Queanbeyan
Crestwood,250000.0,2023-01-24,Queanbeyan
Crestwood,860000.0,2022-10-27,Queanbeyan
Crestwood,210000.0,2023-01-11,Queanbeyan
Crestwood,350000.0,2023-01-09,Queanbeyan
Crestwood,910000.0,2023-01-10,Queanbeyan
Crestwood,475000.0,2023-01-27,Queanbeyan
Crestwood,472000.0,2022-12-22,Queanbeyan
Crestwood,368000.0,2022-12-09,Queanbeyan
Crestwood,1160000.0,2022-12-16,Queanbeyan
Crestwood,340000.0,2022-12-10,Queanbeyan
Crestwood,300000.0,2022-09-13,Queanbeyan
Crestwood,430000.0,2022-12-22,Queanbeyan
Crestwood,310000.0,2022-11-21,Queanbeyan
Crestwood,1300000.0,2022-12-09,Queanbeyan
Crestwood,329000.0,2022-11-22,Queanbeyan
Crestwood,530000.0,2022-11-16,Queanbeyan
Crestwood,680000.0,2022-11-22,Queanbeyan
Crestwood,650000.0,2022-11-17,Queanbeyan
Crestwood,705000.0,2022-11-15,Queanbeyan
Crestwood,245000.0,2022-11-25,Queanbeyan
Crestwood,360000.0,2022-11-24,Queanbeyan
Crestwood,1250000.0,2022-09-30,Queanbeyan
Crestwood,1250000.0,2022-09-30,Queanbeyan
Crestwood,670000.0,2022-11-09,Queanbeyan
Crestwood,440000.0,2022-11-10,Queanbeyan
Crestwood,860000.0,2022-11-08,Queanbeyan
Crestwood,300000.0,2022-12-06,Queanbeyan
Crestwood,650000.0,2022-11-03,Queanbeyan
Crestwood,310000.0,2022-10-26,Queanbeyan
Crestwood,5200.0,2022-11-17,Queanbeyan
Crestwood,670000.0,2022-09-21,Queanbeyan
Crestwood,330000.0,2022-10-26,Queanbeyan
Crestwood,925000.0,2022-11-02,Queanbeyan
Crestwood,210000.0,2022-10-17,Queanbeyan
Crestwood,355000.0,2022-10-25,Queanbeyan
Crestwood,765000.0,2022-10-18,Queanbeyan
Crestwood,509000.0,2022-10-07,Queanbeyan
Crestwood,340000.0,2022-10-06,Queanbeyan
Crestwood,290000.0,2022-09-23,Queanbeyan
Crestwood,1150000.0,2022-10-06,Queanbeyan
Crestwood,715000.0,2022-09-30,Queanbeyan
Crestwood,317000.0,2022-09-27,Queanbeyan
Crestwood,197000.0,2022-09-29,Queanbeyan
Crestwood,350000.0,2022-09-13,Queanbeyan
Crestwood,205000.0,2022-09-07,Queanbeyan
Crestwood,759000.0,2022-08-15,Queanbeyan
Crestwood,923000.0,2022-08-20,Queanbeyan
Crestwood,105000.0,2022-06-02,Queanbeyan
Crestwood,845000.0,2022-09-01,Queanbeyan
Crestwood,765000.0,2022-09-16,Queanbeyan
Crestwood,750000.0,2022-08-16,Queanbeyan
Crestwood,1020000.0,2022-07-26,Queanbeyan
Crestwood,310000.0,2022-08-16,Queanbeyan
Crestwood,340800.0,2022-08-11,Queanbeyan
Crestwood,273750.0,2022-08-05,Queanbeyan
Crestwood,328000.0,2022-08-11,Queanbeyan
Crestwood,360000.0,2022-08-10,Queanbeyan
Crestwood,312500.0,2022-08-09,Queanbeyan
Crestwood,812500.0,2022-08-08,Queanbeyan
Crestwood,630000.0,2022-07-15,Queanbeyan
Crestwood,240000.0,2022-08-30,Queanbeyan
Crestwood,349000.0,2022-07-27,Queanbeyan
Crestwood,360000.0,2022-07-15,Queanbeyan
Crestwood,830000.0,2022-08-10,Queanbeyan
Crestwood,794000.0,2022-06-30,Queanbeyan
Crestwood,715000.0,2022-07-11,Queanbeyan
Crestwood,318500.0,2022-06-10,Queanbeyan
Crestwood,300000.0,2022-07-07,Queanbeyan
Crestwood,300000.0,2022-06-23,Queanbeyan
Crestwood,965000.0,2022-06-30,Queanbeyan
Crestwood,220000.0,2022-07-27,Queanbeyan
Crestwood,367500.0,2022-06-28,Queanbeyan
Crestwood,625000.0,2022-07-07,Queanbeyan
Crestwood,793000.0,2022-06-17,Queanbeyan
Crestwood,275000.0,2022-07-20,Queanbeyan
Crestwood,375000.0,2022-05-28,Queanbeyan
Crestwood,390000.0,2022-07-01,Queanbeyan
Crestwood,580000.0,2022-05-31,Queanbeyan
Crestwood,735000.0,2022-06-07,Queanbeyan
Crestwood,600000.0,2022-05-28,Queanbeyan
Crestwood,370000.0,2022-06-03,Queanbeyan
Crestwood,312000.0,2022-05-13,Queanbeyan
Crestwood,350000.0,2022-06-06,Queanbeyan
Crestwood,735000.0,2022-05-31,Queanbeyan
Crestwood,335000.0,2022-05-24,Queanbeyan
Crestwood,341000.0,2022-05-25,Queanbeyan
Crestwood,360000.0,2022-05-23,Queanbeyan
Crestwood,322000.0,2022-04-01,Queanbeyan
Crestwood,327000.0,2022-05-20,Queanbeyan
Crestwood,350000.0,2022-05-06,Queanbeyan
Crestwood,1300000.0,2022-03-18,Queanbeyan
Crestwood,225000.0,2022-06-08,Queanbeyan
Crestwood,762000.0,2022-05-09,Queanbeyan
Crestwood,370000.0,2022-03-25,Queanbeyan
Crestwood,337000.0,2022-05-06,Queanbeyan
Crestwood,375000.0,2022-05-28,Queanbeyan
Crestwood,220000.0,2022-05-10,Queanbeyan
Crestwood,732500.0,2022-04-09,Queanbeyan
Crestwood,715000.0,2022-04-14,Queanbeyan
Crestwood,332000.0,2022-04-08,Queanbeyan
Crestwood,332000.0,2022-05-20,Queanbeyan
Crestwood,840000.0,2022-03-16,Queanbeyan
Crestwood,1260000.0,2022-03-16,Queanbeyan
Crestwood,780000.0,2022-04-19,Queanbeyan
Crestwood,247000.0,2022-04-05,Queanbeyan
Crestwood,332000.0,2022-04-08,Queanbeyan
Crestwood,210000.0,2022-04-22,Queanbeyan
Crestwood,355000.0,2022-05-13,Queanbeyan
Crestwood,840000.0,2022-04-12,Queanbeyan
Crestwood,325000.0,2022-04-04,Queanbeyan
Crestwood,1600000.0,2022-02-08,Queanbeyan
Crestwood,260000.0,2022-03-31,Queanbeyan
Crestwood,500000.0,2022-03-21,Queanbeyan
Crestwood,750000.0,2022-03-01,Queanbeyan
Crestwood,350000.0,2022-04-01,Queanbeyan
Crestwood,540000.0,2022-03-10,Queanbeyan
Crestwood,332000.0,2022-04-08,Queanbeyan
Crestwood,815000.0,2022-03-22,Queanbeyan
Crestwood,219500.0,2022-03-10,Queanbeyan
Crestwood,237000.0,2022-03-17,Queanbeyan
Crestwood,460000.0,2022-03-16,Queanbeyan
Crestwood,800000.0,2022-03-10,Queanbeyan
Crestwood,332000.0,2022-04-08,Queanbeyan
Crestwood,320000.0,2022-03-25,Queanbeyan
Crestwood,535000.0,2022-03-04,Queanbeyan
Crestwood,250000.0,2022-02-25,Queanbeyan
Crestwood,965000.0,2022-02-03,Queanbeyan
Crestwood,184500.0,2022-03-21,Queanbeyan
Crestwood,740000.0,2022-02-05,Queanbeyan
Crestwood,332000.0,2022-04-08,Queanbeyan
Greenleigh,1420000.0,2022-11-26,Queanbeyan
Greenleigh,1585000.0,2022-09-03,Queanbeyan
Greenleigh,1410000.0,2022-07-23,Queanbeyan
Greenleigh,1550000.0,2022-08-04,Queanbeyan
Greenleigh,1720000.0,2022-07-13,Queanbeyan
Greenleigh,1420000.0,2022-06-04,Queanbeyan
Greenleigh,2125000.0,2022-04-02,Queanbeyan
Greenleigh,1387500.0,2022-03-05,Queanbeyan
Greenleigh,1460000.0,2022-02-26,Queanbeyan
Jerrabomberra,1325000.0,2023-03-10,Queanbeyan
Jerrabomberra,955000.0,2023-02-03,Queanbeyan
Jerrabomberra,940000.0,2023-03-03,Queanbeyan
Jerrabomberra,820000.0,2023-03-03,Queanbeyan
Jerrabomberra,930000.0,2023-03-03,Queanbeyan
Jerrabomberra,1900000.0,2022-12-20,Queanbeyan
Jerrabomberra,620000.0,2023-02-17,Queanbeyan
Jerrabomberra,1140000.0,2023-02-17,Queanbeyan
Jerrabomberra,1525000.0,2022-11-18,Queanbeyan
Jerrabomberra,1775000.0,2022-12-15,Queanbeyan
Jerrabomberra,925000.0,2023-01-23,Queanbeyan
Jerrabomberra,908000.0,2023-02-17,Queanbeyan
Jerrabomberra,650000.0,2022-12-23,Queanbeyan
Jerrabomberra,605000.0,2023-01-13,Queanbeyan
Jerrabomberra,1460000.0,2022-12-13,Queanbeyan
Jerrabomberra,1300000.0,2022-12-07,Queanbeyan
Jerrabomberra,690000.0,2022-11-03,Queanbeyan
Jerrabomberra,642000.0,2022-10-31,Queanbeyan
Jerrabomberra,1860000.0,2022-10-21,Queanbeyan
Jerrabomberra,1270000.0,2022-11-26,Queanbeyan
Jerrabomberra,850000.0,2022-11-28,Queanbeyan
Jerrabomberra,1845000.0,2022-12-15,Queanbeyan
Jerrabomberra,1230000.0,2022-11-28,Queanbeyan
Jerrabomberra,585000.0,2022-12-12,Queanbeyan
Jerrabomberra,1215000.0,2022-11-23,Queanbeyan
Jerrabomberra,988000.0,2022-12-13,Queanbeyan
Jerrabomberra,1100000.0,2022-12-01,Queanbeyan
Jerrabomberra,1200000.0,2022-11-30,Queanbeyan
Jerrabomberra,1680000.0,2022-12-15,Queanbeyan
Jerrabomberra,1180000.0,2022-12-02,Queanbeyan
Jerrabomberra,1050000.0,2022-11-23,Queanbeyan
Jerrabomberra,1270000.0,2022-11-16,Queanbeyan
Jerrabomberra,1485000.0,2022-09-20,Queanbeyan
Jerrabomberra,1425000.0,2022-11-18,Queanbeyan
Jerrabomberra,980000.0,2022-11-02,Queanbeyan
Jerrabomberra,835800.0,2022-11-30,Queanbeyan
Jerrabomberra,1015000.0,2022-11-10,Queanbeyan
Jerrabomberra,1220000.0,2022-11-12,Queanbeyan
Jerrabomberra,1300000.0,2022-10-05,Queanbeyan
Jerrabomberra,1250000.0,2022-10-29,Queanbeyan
Jerrabomberra,830000.0,2022-11-05,Queanbeyan
Jerrabomberra,622000.0,2022-10-31,Queanbeyan
Jerrabomberra,1560000.0,2022-06-11,Queanbeyan
Jerrabomberra,1600000.0,2022-10-08,Queanbeyan
Jerrabomberra,1210000.0,2022-10-27,Queanbeyan
Jerrabomberra,1759000.0,2022-11-11,Queanbeyan
Jerrabomberra,980000.0,2022-11-04,Queanbeyan
Jerrabomberra,1575000.0,2022-06-22,Queanbeyan
Jerrabomberra,1350000.0,2022-11-21,Queanbeyan
Jerrabomberra,835800.0,2022-11-30,Queanbeyan
Jerrabomberra,1175000.0,2022-10-20,Queanbeyan
Jerrabomberra,1418500.0,2022-10-07,Queanbeyan
Jerrabomberra,621000.0,2022-10-14,Queanbeyan
Jerrabomberra,980000.0,2022-11-04,Queanbeyan
Jerrabomberra,690000.0,2022-11-03,Queanbeyan
Jerrabomberra,675000.0,2022-09-21,Queanbeyan
Jerrabomberra,1450000.0,2022-11-01,Queanbeyan
Jerrabomberra,1360000.0,2022-09-12,Queanbeyan
Jerrabomberra,1190000.0,2022-09-26,Queanbeyan
Jerrabomberra,705000.0,2022-10-07,Queanbeyan
Jerrabomberra,1100000.0,2022-07-28,Queanbeyan
Jerrabomberra,970000.0,2022-09-14,Queanbeyan
Jerrabomberra,1450000.0,2022-09-16,Queanbeyan
Jerrabomberra,1900000.0,2022-06-27,Queanbeyan
Jerrabomberra,605000.0,2022-09-23,Queanbeyan
Jerrabomberra,1200000.0,2022-09-10,Queanbeyan
Jerrabomberra,862000.0,2022-06-29,Queanbeyan
Jerrabomberra,960000.0,2022-08-31,Queanbeyan
Jerrabomberra,1310000.0,2022-06-28,Queanbeyan
Jerrabomberra,825000.0,2022-08-26,Queanbeyan
Jerrabomberra,1340000.0,2022-09-06,Queanbeyan
Jerrabomberra,955000.0,2022-07-20,Queanbeyan
Jerrabomberra,590000.0,2022-08-08,Queanbeyan
Jerrabomberra,750000.0,2022-09-07,Queanbeyan
Jerrabomberra,1300000.0,2022-07-08,Queanbeyan
Jerrabomberra,1300000.0,2022-09-06,Queanbeyan
Jerrabomberra,970000.0,2022-07-19,Queanbeyan
Jerrabomberra,850000.0,2022-08-15,Queanbeyan
Jerrabomberra,1500000.0,2022-09-02,Queanbeyan
Jerrabomberra,1250000.0,2022-07-22,Queanbeyan
Jerrabomberra,1300000.0,2022-07-08,Queanbeyan
Jerrabomberra,950000.0,2022-07-13,Queanbeyan
Jerrabomberra,1500000.0,2022-07-08,Queanbeyan
Jerrabomberra,1130000.0,2022-07-26,Queanbeyan
Jerrabomberra,1135000.0,2022-04-30,Queanbeyan
Jerrabomberra,925000.0,2022-08-22,Queanbeyan
Jerrabomberra,595000.0,2022-07-21,Queanbeyan
Jerrabomberra,870000.0,2022-07-14,Queanbeyan
Jerrabomberra,875000.0,2022-07-07,Queanbeyan
Jerrabomberra,1900000.0,2022-02-17,Queanbeyan
Jerrabomberra,1300000.0,2022-07-08,Queanbeyan
Jerrabomberra,680000.0,2022-07-15,Queanbeyan
Jerrabomberra,1185000.0,2022-07-10,Queanbeyan
Jerrabomberra,1362000.0,2022-07-28,Queanbeyan
Jerrabomberra,620000.0,2022-07-15,Queanbeyan
Jerrabomberra,545000.0,2022-07-04,Queanbeyan
Jerrabomberra,1175000.0,2022-08-05,Queanbeyan
Jerrabomberra,1380000.0,2022-05-14,Queanbeyan
Jerrabomberra,782500.0,2022-07-05,Queanbeyan
Jerrabomberra,1300000.0,2022-07-08,Queanbeyan
Jerrabomberra,1510000.0,2022-05-24,Queanbeyan
Jerrabomberra,1675000.0,2022-05-05,Queanbeyan
Jerrabomberra,955000.0,2022-07-20,Queanbeyan
Jerrabomberra,837500.0,2022-06-08,Queanbeyan
Jerrabomberra,1260000.0,2022-06-03,Queanbeyan
Jerrabomberra,960000.0,2022-06-20,Queanbeyan
Jerrabomberra,1430000.0,2022-05-24,Queanbeyan
Jerrabomberra,1170000.0,2022-06-01,Queanbeyan
Jerrabomberra,1300000.0,2022-07-08,Queanbeyan
Jerrabomberra,805000.0,2022-06-21,Queanbeyan
Jerrabomberra,870000.0,2022-06-28,Queanbeyan
Jerrabomberra,1680000.0,2022-07-01,Queanbeyan
Jerrabomberra,1300000.0,2022-05-13,Queanbeyan
Jerrabomberra,1180000.0,2022-05-27,Queanbeyan
Jerrabomberra,1860000.0,2022-03-01,Queanbeyan
Jerrabomberra,850000.0,2022-05-13,Queanbeyan
Jerrabomberra,1300000.0,2022-07-08,Queanbeyan
Jerrabomberra,1575000.0,2022-04-05,Queanbeyan
Jerrabomberra,800000.0,2022-04-04,Queanbeyan
Jerrabomberra,2660000.0,2022-03-09,Queanbeyan
Jerrabomberra,1150000.0,2022-05-06,Queanbeyan
Jerrabomberra,775000.0,2022-05-27,Queanbeyan
Jerrabomberra,950000.0,2022-04-27,Queanbeyan
Jerrabomberra,715000.0,2022-05-26,Queanbeyan
Jerrabomberra,595000.0,2022-05-11,Queanbeyan
Jerrabomberra,1300000.0,2022-07-08,Queanbeyan
Jerrabomberra,1305000.0,2022-05-24,Queanbeyan
Jerrabomberra,1840000.0,2022-02-17,Queanbeyan
Jerrabomberra,475000.0,2022-04-05,Queanbeyan
Jerrabomberra,1450000.0,2022-04-04,Queanbeyan
Jerrabomberra,1100000.0,2022-04-04,Queanbeyan
Jerrabomberra,940000.0,2022-03-12,Queanbeyan
Jerrabomberra,1300000.0,2022-03-31,Queanbeyan
Jerrabomberra,1120000.0,2022-05-10,Queanbeyan
Jerrabomberra,1300000.0,2022-07-08,Queanbeyan
Jerrabomberra,1165000.0,2022-03-19,Queanbeyan
Jerrabomberra,1200000.0,2022-04-01,Queanbeyan
Jerrabomberra,1251000.0,2022-01-22,Queanbeyan
Jerrabomberra,600000.0,2022-03-18,Queanbeyan
Jerrabomberra,765000.0,2022-03-31,Queanbeyan
Jerrabomberra,1105000.0,2022-03-29,Queanbeyan
Jerrabomberra,1430000.0,2022-03-17,Queanbeyan
Jerrabomberra,1100000.0,2022-03-17,Queanbeyan
Jerrabomberra,1170000.0,2022-03-25,Queanbeyan
Jerrabomberra,1300000.0,2022-07-08,Queanbeyan
Jerrabomberra,1040000.0,2022-03-11,Queanbeyan
Jerrabomberra,1050000.0,2021-12-18,Queanbeyan
Jerrabomberra,1330000.0,2022-04-19,Queanbeyan
Jerrabomberra,810000.0,2022-02-26,Queanbeyan
Jerrabomberra,830000.0,2022-03-11,Queanbeyan
Jerrabomberra,930000.0,2022-02-23,Queanbeyan
Jerrabomberra,2150000.0,2022-03-26,Queanbeyan
Jerrabomberra,1550000.0,2022-03-26,Queanbeyan
Jerrabomberra,1300000.0,2022-07-08,Queanbeyan
Jerrabomberra,1150000.0,2022-03-22,Queanbeyan
Jerrabomberra,830000.0,2022-02-17,Queanbeyan
Karabar,845000.0,2023-03-11,Queanbeyan
Karabar,695000.0,2023-03-08,Queanbeyan
Karabar,890000.0,2023-03-04,Queanbeyan
Karabar,700000.0,2023-02-01,Queanbeyan
Karabar,750000.0,2023-02-27,Queanbeyan
Karabar,629000.0,2023-01-25,Queanbeyan
Karabar,700000.0,2023-02-23,Queanbeyan
Karabar,520000.0,2023-02-22,Queanbeyan
Karabar,710000.0,2022-12-20,Queanbeyan
Karabar,765000.0,2023-01-25,Queanbeyan
Karabar,1150000.0,2022-12-08,Queanbeyan
Karabar,577000.0,2023-01-24,Queanbeyan
Karabar,901500.0,2023-02-09,Queanbeyan
Karabar,770000.0,2022-12-02,Queanbeyan
Karabar,1200000.0,2022-12-12,Queanbeyan
Karabar,857500.0,2022-12-22,Queanbeyan
Karabar,510000.0,2022-12-21,Queanbeyan
Karabar,1400000.0,2022-12-21,Queanbeyan
Karabar,540000.0,2022-12-02,Queanbeyan
Karabar,725000.0,2022-12-22,Queanbeyan
Karabar,645000.0,2022-12-02,Queanbeyan
Karabar,1150000.0,2022-12-05,Queanbeyan
Karabar,900000.0,2022-12-13,Queanbeyan
Karabar,940000.0,2022-10-07,Queanbeyan
Karabar,720000.0,2022-11-30,Queanbeyan
Karabar,860000.0,2022-11-25,Queanbeyan
Karabar,690000.0,2022-11-23,Queanbeyan
Karabar,675000.0,2022-11-14,Queanbeyan
Karabar,770000.0,2022-12-03,Queanbeyan
Karabar,820000.0,2022-10-28,Queanbeyan
Karabar,700000.0,2022-11-18,Queanbeyan
Karabar,826000.0,2022-10-25,Queanbeyan
Karabar,605000.0,2022-10-13,Queanbeyan
Karabar,710000.0,2022-10-18,Queanbeyan
Karabar,935000.0,2022-11-12,Queanbeyan
Karabar,300000.0,2022-11-03,Queanbeyan
Karabar,703500.0,2022-09-30,Queanbeyan
Karabar,620000.0,2022-10-05,Queanbeyan
Karabar,915000.0,2022-09-19,Queanbeyan
Karabar,1100000.0,2022-09-06,Queanbeyan
Karabar,803000.0,2022-09-06,Queanbeyan
Karabar,651000.0,2022-08-19,Queanbeyan
Karabar,928500.0,2022-10-14,Queanbeyan
Karabar,615000.0,2022-09-12,Queanbeyan
Karabar,862000.0,2022-09-05,Queanbeyan
Karabar,640000.0,2022-08-04,Queanbeyan
Karabar,1655000.0,2022-09-08,Queanbeyan
Karabar,1080000.0,2022-10-07,Queanbeyan
Karabar,750000.0,2022-09-08,Queanbeyan
Karabar,880000.0,2022-09-14,Queanbeyan
Karabar,565000.0,2022-08-08,Queanbeyan
Karabar,495000.0,2022-08-13,Queanbeyan
Karabar,930000.0,2022-06-01,Queanbeyan
Karabar,700000.0,2022-07-27,Queanbeyan
Karabar,470000.0,2022-09-05,Queanbeyan
Karabar,970000.0,2022-05-03,Queanbeyan
Karabar,750001.0,2022-07-22,Queanbeyan
Karabar,880000.0,2022-06-08,Queanbeyan
Karabar,720000.0,2022-06-22,Queanbeyan
Karabar,905000.0,2022-08-17,Queanbeyan
Karabar,300000.0,2022-07-05,Queanbeyan
Karabar,500000.0,2022-07-05,Queanbeyan
Karabar,1035000.0,2022-06-30,Queanbeyan
Karabar,650000.0,2022-06-01,Queanbeyan
Karabar,790000.0,2022-07-01,Queanbeyan
Karabar,530000.0,2022-07-01,Queanbeyan
Karabar,700000.0,2022-06-17,Queanbeyan
Karabar,586500.0,2022-06-03,Queanbeyan
Karabar,192500.0,2022-06-14,Queanbeyan
Karabar,160000.0,2022-07-13,Queanbeyan
Karabar,750001.0,2022-07-22,Queanbeyan
Karabar,900000.0,2022-06-28,Queanbeyan
Karabar,842500.0,2022-04-20,Queanbeyan
Karabar,805000.0,2022-06-02,Queanbeyan
Karabar,665000.0,2022-06-17,Queanbeyan
Karabar,710000.0,2022-06-30,Queanbeyan
Karabar,975000.0,2022-05-12,Queanbeyan
Karabar,920000.0,2022-05-26,Queanbeyan
Karabar,730000.0,2022-06-04,Queanbeyan
Karabar,675000.0,2022-06-08,Queanbeyan
Karabar,1230000.0,2022-04-29,Queanbeyan
Karabar,125935.0,2022-05-11,Queanbeyan
Karabar,603000.0,2022-05-06,Queanbeyan
Karabar,750000.0,2022-03-16,Queanbeyan
Karabar,855000.0,2022-04-27,Queanbeyan
Karabar,1235000.0,2022-05-10,Queanbeyan
Karabar,535000.0,2022-05-04,Queanbeyan
Karabar,330000.0,2022-04-20,Queanbeyan
Karabar,935000.0,2022-05-31,Queanbeyan
Karabar,980000.0,2022-04-29,Queanbeyan
Karabar,675000.0,2022-03-31,Queanbeyan
Karabar,1311000.0,2022-05-27,Queanbeyan
Karabar,860000.0,2022-04-28,Queanbeyan
Karabar,326000.0,2022-04-22,Queanbeyan
Karabar,390000.0,2022-04-22,Queanbeyan
Karabar,655000.0,2022-04-05,Queanbeyan
Karabar,825000.0,2022-05-20,Queanbeyan
Karabar,975000.0,2022-05-14,Queanbeyan
Karabar,975000.0,2022-05-12,Queanbeyan
Karabar,685000.0,2022-04-05,Queanbeyan
Karabar,505000.0,2022-03-29,Queanbeyan
Karabar,850000.0,2022-03-25,Queanbeyan
Karabar,321000.0,2022-05-03,Queanbeyan
Karabar,1035000.0,2022-03-05,Queanbeyan
Karabar,600000.0,2022-03-16,Queanbeyan
Karabar,760000.0,2022-03-10,Queanbeyan
Karabar,1240000.0,2022-03-12,Queanbeyan
Karabar,950000.0,2022-03-11,Queanbeyan
Karabar,1060000.0,2022-03-25,Queanbeyan
Karabar,860000.0,2022-04-19,Queanbeyan
Karabar,610000.0,2022-03-16,Queanbeyan
Karabar,751000.0,2022-03-04,Queanbeyan
Karabar,1200000.0,2022-01-24,Queanbeyan
Karabar,825000.0,2022-03-01,Queanbeyan
Karabar,1200000.0,2022-02-22,Queanbeyan
Karabar,1050000.0,2022-03-27,Queanbeyan
Karabar,950000.0,2022-02-24,Queanbeyan
Karabar,850000.0,2022-03-23,Queanbeyan
Karabar,740000.0,2022-02-05,Queanbeyan
Queanbeyan,790000.0,2023-03-17,Queanbeyan
Queanbeyan,770000.0,2023-03-17,Queanbeyan
Queanbeyan,320000.0,2023-03-10,Queanbeyan
Queanbeyan,489000.0,2023-03-08,Queanbeyan
Queanbeyan,336500.0,2023-02-06,Queanbeyan
Queanbeyan,470000.0,2023-03-07,Queanbeyan
Queanbeyan,710000.0,2023-03-06,Queanbeyan
Queanbeyan,598000.0,2023-02-07,Queanbeyan
Queanbeyan,235500.0,2023-01-31,Queanbeyan
Queanbeyan,670000.0,2023-02-02,Queanbeyan
Queanbeyan,650000.0,2023-02-07,Queanbeyan
Queanbeyan,500000.0,2023-01-24,Queanbeyan
Queanbeyan,220000.0,2023-02-22,Queanbeyan
Queanbeyan,380000.0,2022-11-08,Queanbeyan
Queanbeyan,372000.0,2023-02-20,Queanbeyan
Queanbeyan,255000.0,2023-01-20,Queanbeyan
Queanbeyan,315000.0,2023-01-17,Queanbeyan
Queanbeyan,410000.0,2023-02-16,Queanbeyan
Queanbeyan,520000.0,2023-02-14,Queanbeyan
Queanbeyan,350000.0,2023-02-14,Queanbeyan
Queanbeyan,925000.0,2022-10-25,Queanbeyan
Queanbeyan,436000.0,2023-02-10,Queanbeyan
Queanbeyan,800000.0,2022-11-30,Queanbeyan
Queanbeyan,980000.0,2022-12-12,Queanbeyan
Queanbeyan,1000000.0,2022-12-16,Queanbeyan
Queanbeyan,385000.0,2023-01-17,Queanbeyan
Queanbeyan,465000.0,2023-02-03,Queanbeyan
Queanbeyan,595000.0,2022-11-03,Queanbeyan
Queanbeyan,460000.0,2023-01-10,Queanbeyan
Queanbeyan,542500.0,2022-12-07,Queanbeyan
Queanbeyan,415000.0,2022-12-15,Queanbeyan
Queanbeyan,572000.0,2022-12-09,Queanbeyan
Queanbeyan,510000.0,2022-12-16,Queanbeyan
Queanbeyan,1200000.0,2023-01-25,Queanbeyan
Queanbeyan,550000.0,2022-12-02,Queanbeyan
Queanbeyan,1150000.0,2022-12-06,Queanbeyan
Queanbeyan,620000.0,2023-01-20,Queanbeyan
Queanbeyan,320000.0,2022-12-08,Queanbeyan
Queanbeyan,1325000.0,2022-12-06,Queanbeyan
Queanbeyan,485000.0,2022-12-02,Queanbeyan
Queanbeyan,455000.0,2022-11-30,Queanbeyan
Queanbeyan,422000.0,2022-11-18,Queanbeyan
Queanbeyan,235500.0,2023-01-12,Queanbeyan
Queanbeyan,670000.0,2022-12-09,Queanbeyan
Queanbeyan,520000.0,2022-12-08,Queanbeyan
Queanbeyan,880000.0,2022-11-22,Queanbeyan
Queanbeyan,408000.0,2022-11-17,Queanbeyan
Queanbeyan,326500.0,2022-11-04,Queanbeyan
Queanbeyan,307500.0,2022-12-02,Queanbeyan
Queanbeyan,608000.0,2022-11-30,Queanbeyan
Queanbeyan,895000.0,2022-11-21,Queanbeyan
Queanbeyan,307500.0,2022-12-15,Queanbeyan
Queanbeyan,591000.0,2022-11-15,Queanbeyan
Queanbeyan,900000.0,2022-11-17,Queanbeyan
Queanbeyan,770000.0,2022-11-08,Queanbeyan
Queanbeyan,675000.0,2022-12-09,Queanbeyan
Queanbeyan,645000.0,2022-12-02,Queanbeyan
Queanbeyan,450000.0,2022-10-18,Queanbeyan
Queanbeyan,485000.0,2022-12-02,Queanbeyan
Queanbeyan,455000.0,2022-11-30,Queanbeyan
Queanbeyan,370000.0,2022-10-28,Queanbeyan
Queanbeyan,539000.0,2022-11-04,Queanbeyan
Queanbeyan,539000.0,2022-11-18,Queanbeyan
Queanbeyan,422000.0,2022-11-18,Queanbeyan
Queanbeyan,380000.0,2022-10-07,Queanbeyan
Queanbeyan,310000.0,2022-10-16,Queanbeyan
Queanbeyan,530000.0,2022-11-16,Queanbeyan
Queanbeyan,300000.0,2022-10-05,Queanbeyan
Queanbeyan,450000.0,2022-10-18,Queanbeyan
Queanbeyan,870000.0,2022-09-29,Queanbeyan
Queanbeyan,860000.0,2022-11-09,Queanbeyan
Queanbeyan,670000.0,2022-11-09,Queanbeyan
Queanbeyan,310000.0,2022-09-30,Queanbeyan
Queanbeyan,565000.0,2022-09-21,Queanbeyan
Queanbeyan,415000.0,2022-09-02,Queanbeyan
Queanbeyan,780000.0,2022-07-21,Queanbeyan
Queanbeyan,575000.0,2022-09-05,Queanbeyan
Queanbeyan,475000.0,2022-07-28,Queanbeyan
Queanbeyan,310000.0,2022-10-26,Queanbeyan
Queanbeyan,815000.0,2022-10-21,Queanbeyan
Queanbeyan,450000.0,2022-10-18,Queanbeyan
Queanbeyan,800000.0,2022-10-17,Queanbeyan
Queanbeyan,847500.0,2022-09-17,Queanbeyan
Queanbeyan,370000.0,2022-10-12,Queanbeyan
Queanbeyan,510000.0,2022-09-13,Queanbeyan
Queanbeyan,410000.0,2022-10-10,Queanbeyan
Queanbeyan,1150000.0,2022-10-08,Queanbeyan
Queanbeyan,505000.0,2022-09-07,Queanbeyan
Queanbeyan,380000.0,2022-10-07,Queanbeyan
Queanbeyan,340000.0,2022-10-06,Queanbeyan
Queanbeyan,310000.0,2022-10-04,Queanbeyan
Queanbeyan,317000.0,2022-09-27,Queanbeyan
Queanbeyan,210000.0,2022-07-28,Queanbeyan
Queanbeyan,695000.0,2022-08-26,Queanbeyan
Queanbeyan,1350000.0,2022-07-06,Queanbeyan
Queanbeyan,595000.0,2022-07-21,Queanbeyan
Queanbeyan,625000.0,2022-07-18,Queanbeyan
Queanbeyan,649000.0,2022-08-26,Queanbeyan
Queanbeyan,560000.0,2022-07-26,Queanbeyan
Queanbeyan,216000.0,2022-07-22,Queanbeyan
Queanbeyan,620000.0,2022-08-24,Queanbeyan
Queanbeyan,900000.0,2022-07-20,Queanbeyan
Queanbeyan,300000.0,2022-06-02,Queanbeyan
Queanbeyan,520000.0,2022-08-17,Queanbeyan
Queanbeyan,1760000.0,2022-06-14,Queanbeyan
Queanbeyan,942500.0,2022-07-07,Queanbeyan
Queanbeyan,427000.0,2022-07-14,Queanbeyan
Queanbeyan,470000.0,2022-08-13,Queanbeyan
Queanbeyan,340800.0,2022-08-12,Queanbeyan
Queanbeyan,951000.0,2022-07-08,Queanbeyan
Queanbeyan,655000.0,2022-06-22,Queanbeyan
Queanbeyan,350000.0,2022-06-23,Queanbeyan
Queanbeyan,810000.0,2022-07-15,Queanbeyan
Queanbeyan,500000.0,2022-07-01,Queanbeyan
Queanbeyan,700000.0,2022-07-27,Queanbeyan
Queanbeyan,1500000.0,2022-04-19,Queanbeyan
Queanbeyan,690000.0,2022-06-24,Queanbeyan
Queanbeyan,1471000.0,2022-04-14,Queanbeyan
Queanbeyan,550000.0,2022-06-10,Queanbeyan
Queanbeyan,605000.0,2022-06-09,Queanbeyan
Queanbeyan,370000.0,2022-07-18,Queanbeyan
Queanbeyan,335067.0,2022-06-06,Queanbeyan
Queanbeyan,225000.0,2022-06-09,Queanbeyan
Queanbeyan,370000.0,2022-06-10,Queanbeyan
Queanbeyan,2150000.0,2022-05-12,Queanbeyan
Queanbeyan,945000.0,2022-05-26,Queanbeyan
Queanbeyan,690000.0,2022-05-26,Queanbeyan
Queanbeyan,475000.0,2022-05-25,Queanbeyan
Queanbeyan,785000.0,2022-05-05,Queanbeyan
Queanbeyan,670000.0,2022-05-06,Queanbeyan
Queanbeyan,490000.0,2022-05-31,Queanbeyan
Queanbeyan,433333.0,2022-06-30,Queanbeyan
Queanbeyan,880000.0,2022-06-24,Queanbeyan
Queanbeyan,517500.0,2022-04-29,Queanbeyan
Queanbeyan,150000.0,2022-05-10,Queanbeyan
Queanbeyan,505000.0,2022-05-05,Queanbeyan
Queanbeyan,920000.0,2022-04-28,Queanbeyan
Queanbeyan,1760000.0,2022-06-14,Queanbeyan
Queanbeyan,200000.0,2022-06-10,Queanbeyan
Queanbeyan,318500.0,2022-06-10,Queanbeyan
Queanbeyan,335067.0,2022-06-09,Queanbeyan
Queanbeyan,510000.0,2022-05-05,Queanbeyan
Queanbeyan,730000.0,2022-06-04,Queanbeyan
Queanbeyan,565000.0,2022-05-04,Queanbeyan
Queanbeyan,845000.0,2022-06-03,Queanbeyan
Queanbeyan,390000.0,2022-04-21,Queanbeyan
Queanbeyan,360000.0,2022-06-01,Queanbeyan
Queanbeyan,1275000.0,2022-04-30,Queanbeyan
Queanbeyan,637500.0,2022-04-29,Queanbeyan
Queanbeyan,600000.0,2022-05-28,Queanbeyan
Queanbeyan,301000.0,2022-05-27,Queanbeyan
Queanbeyan,320000.0,2022-04-29,Queanbeyan
Queanbeyan,962000.0,2022-04-27,Queanbeyan
Queanbeyan,615000.0,2022-04-12,Queanbeyan
Queanbeyan,400000.0,2022-04-22,Queanbeyan
Queanbeyan,285000.0,2022-04-22,Queanbeyan
Queanbeyan,1010000.0,2022-04-07,Queanbeyan
Queanbeyan,350000.0,2022-04-14,Queanbeyan
Queanbeyan,780000.0,2022-04-29,Queanbeyan
Queanbeyan,1020000.0,2022-04-13,Queanbeyan
Queanbeyan,870000.0,2022-04-11,Queanbeyan
Queanbeyan,528000.0,2022-01-18,Queanbeyan
Queanbeyan,672000.0,2022-01-18,Queanbeyan
Queanbeyan,170000.0,2022-04-08,Queanbeyan
Queanbeyan,325000.0,2022-03-28,Queanbeyan
Queanbeyan,2110000.0,2022-02-05,Queanbeyan
Queanbeyan,375000.0,2022-05-06,Queanbeyan
Queanbeyan,480000.0,2022-05-04,Queanbeyan
Queanbeyan,670000.0,2020-03-04,Queanbeyan
Queanbeyan,650000.0,2022-03-30,Queanbeyan
Queanbeyan,690000.0,2022-03-25,Queanbeyan
Queanbeyan,27000.0,2022-03-29,Queanbeyan
Queanbeyan,1230000.0,2022-04-29,Queanbeyan
Queanbeyan,885000.0,2022-04-28,Queanbeyan
Queanbeyan,1880000.0,2022-04-26,Queanbeyan
Queanbeyan,287250.0,2022-03-08,Queanbeyan
Queanbeyan,445000.0,2022-03-11,Queanbeyan
Queanbeyan,1065000.0,2022-04-20,Queanbeyan
Queanbeyan,370000.0,2022-03-04,Queanbeyan
Queanbeyan,945000.0,2022-03-19,Queanbeyan
Queanbeyan,780000.0,2022-02-18,Queanbeyan
Queanbeyan,300000.0,2022-03-03,Queanbeyan
Queanbeyan,255500.0,2022-03-04,Queanbeyan
Queanbeyan,650000.0,2022-03-03,Queanbeyan
Queanbeyan,730000.0,2022-03-09,Queanbeyan
Queanbeyan,170000.0,2022-02-25,Queanbeyan
Queanbeyan,352000.0,2022-04-07,Queanbeyan
Queanbeyan,365000.0,2022-04-07,Queanbeyan
Queanbeyan,330000.0,2022-04-06,Queanbeyan
Queanbeyan,247000.0,2022-04-05,Queanbeyan
Queanbeyan,322000.0,2022-04-04,Queanbeyan
Queanbeyan,320000.0,2022-03-25,Queanbeyan
Queanbeyan,515000.0,2022-02-14,Queanbeyan
Queanbeyan East,195000.0,2023-02-07,Queanbeyan
Queanbeyan East,750000.0,2022-11-09,Queanbeyan
Queanbeyan East,305000.0,2023-02-10,Queanbeyan
Queanbeyan East,357500.0,2023-03-07,Queanbeyan
Queanbeyan East,380000.0,2023-02-01,Queanbeyan
Queanbeyan East,600000.0,2023-01-18,Queanbeyan
Queanbeyan East,375000.0,2023-02-02,Queanbeyan
Queanbeyan East,490000.0,2023-01-20,Queanbeyan
Queanbeyan East,320000.0,2023-02-13,Queanbeyan
Queanbeyan East,620000.0,2023-01-23,Queanbeyan
Queanbeyan East,283000.0,2023-01-10,Queanbeyan
Queanbeyan East,340000.0,2023-01-20,Queanbeyan
Queanbeyan East,755000.0,2023-02-17,Queanbeyan
Queanbeyan East,350750.0,2023-02-16,Queanbeyan
Queanbeyan East,525000.0,2022-12-21,Queanbeyan
Queanbeyan East,700000.0,2023-01-24,Queanbeyan
Queanbeyan East,675000.0,2022-12-21,Queanbeyan
Queanbeyan East,970000.0,2022-12-22,Queanbeyan
Queanbeyan East,290000.0,2023-01-10,Queanbeyan
Queanbeyan East,260000.0,2023-02-06,Queanbeyan
Queanbeyan East,260000.0,2023-02-06,Queanbeyan
Queanbeyan East,389950.0,2022-12-20,Queanbeyan
Queanbeyan East,340000.0,2022-12-15,Queanbeyan
Queanbeyan East,790000.0,2022-12-16,Queanbeyan
Queanbeyan East,160000.0,2022-12-14,Queanbeyan
Queanbeyan East,527000.0,2022-12-15,Queanbeyan
Queanbeyan East,540000.0,2022-12-14,Queanbeyan
Queanbeyan East,660000.0,2023-01-18,Queanbeyan
Queanbeyan East,265000.0,2022-12-13,Queanbeyan
Queanbeyan East,380000.0,2022-12-21,Queanbeyan
Queanbeyan East,269000.0,2022-11-25,Queanbeyan
Queanbeyan East,1573000.0,2022-10-27,Queanbeyan
Queanbeyan East,710000.0,2022-11-23,Queanbeyan
Queanbeyan East,672000.0,2022-12-08,Queanbeyan
Queanbeyan East,405000.0,2022-11-22,Queanbeyan
Queanbeyan East,520000.0,2022-11-18,Queanbeyan
Queanbeyan East,340000.0,2022-11-04,Queanbeyan
Queanbeyan East,345000.0,2022-11-17,Queanbeyan
Queanbeyan East,430000.0,2022-11-04,Queanbeyan
Queanbeyan East,790000.0,2022-12-16,Queanbeyan
Queanbeyan East,610000.0,2022-11-14,Queanbeyan
Queanbeyan East,343000.0,2022-10-14,Queanbeyan
Queanbeyan East,609000.0,2022-11-10,Queanbeyan
Queanbeyan East,182500.0,2022-10-28,Queanbeyan
Queanbeyan East,610000.0,2022-10-21,Queanbeyan
Queanbeyan East,470000.0,2022-11-03,Queanbeyan
Queanbeyan East,1705000.0,2022-10-27,Queanbeyan
Queanbeyan East,450000.0,2022-11-08,Queanbeyan
Queanbeyan East,1400000.0,2022-11-25,Queanbeyan
Queanbeyan East,850000.0,2022-12-02,Queanbeyan
Queanbeyan East,1350000.0,2022-10-27,Queanbeyan
Queanbeyan East,365000.0,2022-11-03,Queanbeyan
Queanbeyan East,680000.0,2022-11-02,Queanbeyan
Queanbeyan East,277000.0,2022-10-13,Queanbeyan
Queanbeyan East,188000.0,2022-10-18,Queanbeyan
Queanbeyan East,260000.0,2022-10-07,Queanbeyan
Queanbeyan East,245000.0,2022-10-12,Queanbeyan
Queanbeyan East,485000.0,2022-09-30,Queanbeyan
Queanbeyan East,335000.0,2022-09-29,Queanbeyan
Queanbeyan East,348000.0,2022-09-20,Queanbeyan
Queanbeyan East,350000.0,2022-09-29,Queanbeyan
Queanbeyan East,345000.0,2022-09-23,Queanbeyan
Queanbeyan East,195000.0,2022-09-13,Queanbeyan
Queanbeyan East,360000.0,2022-09-15,Queanbeyan
Queanbeyan East,269000.0,2022-09-09,Queanbeyan
Queanbeyan East,830000.0,2022-08-11,Queanbeyan
Queanbeyan East,830000.0,2022-08-11,Queanbeyan
Queanbeyan East,525000.0,2022-09-07,Queanbeyan
Queanbeyan East,290000.0,2022-08-26,Queanbeyan
Queanbeyan East,200000.0,2022-08-31,Queanbeyan
Queanbeyan East,485000.0,2022-09-30,Queanbeyan
Queanbeyan East,335000.0,2022-09-29,Queanbeyan
Queanbeyan East,366000.0,2022-07-29,Queanbeyan
Queanbeyan East,350000.0,2022-08-17,Queanbeyan
Queanbeyan East,530000.0,2022-07-26,Queanbeyan
Queanbeyan East,1125000.0,2022-08-01,Queanbeyan
Queanbeyan East,245000.0,2022-08-01,Queanbeyan
Queanbeyan East,362500.0,2022-07-26,Queanbeyan
Queanbeyan East,266000.0,2022-07-27,Queanbeyan
Queanbeyan East,282500.0,2022-08-08,Queanbeyan
Queanbeyan East,525000.0,2022-08-18,Queanbeyan
Queanbeyan East,590000.0,2022-07-08,Queanbeyan
Queanbeyan East,270000.0,2022-07-01,Queanbeyan
Queanbeyan East,890000.0,2022-05-12,Queanbeyan
Queanbeyan East,722000.0,2022-07-08,Queanbeyan
Queanbeyan East,460000.0,2022-07-08,Queanbeyan
Queanbeyan East,182000.0,2022-08-01,Queanbeyan
Queanbeyan East,339000.0,2022-07-01,Queanbeyan
Queanbeyan East,421500.0,2022-06-22,Queanbeyan
Queanbeyan East,885000.0,2022-08-03,Queanbeyan
Queanbeyan East,649000.0,2022-07-04,Queanbeyan
Queanbeyan East,318500.0,2022-05-31,Queanbeyan
Queanbeyan East,585000.0,2022-04-30,Queanbeyan
Queanbeyan East,610000.0,2022-07-29,Queanbeyan
Queanbeyan East,227000.0,2022-06-29,Queanbeyan
Queanbeyan East,370000.0,2022-06-27,Queanbeyan
Queanbeyan East,290000.0,2022-06-14,Queanbeyan
Queanbeyan East,322000.0,2022-06-23,Queanbeyan
Queanbeyan East,517000.0,2022-05-24,Queanbeyan
Queanbeyan East,820000.0,2022-06-08,Queanbeyan
Queanbeyan East,370000.0,2022-06-20,Queanbeyan
Queanbeyan East,1150000.0,2022-05-23,Queanbeyan
Queanbeyan East,1500000.0,2022-06-06,Queanbeyan
Queanbeyan East,381000.0,2022-06-20,Queanbeyan
Queanbeyan East,875000.0,2022-07-16,Queanbeyan
Queanbeyan East,735000.0,2022-06-17,Queanbeyan
Queanbeyan East,585000.0,2022-05-13,Queanbeyan
Queanbeyan East,1050000.0,2022-06-28,Queanbeyan
Queanbeyan East,535000.0,2022-06-14,Queanbeyan
Queanbeyan East,580000.0,2022-05-26,Queanbeyan
Queanbeyan East,250000.0,2022-05-27,Queanbeyan
Queanbeyan East,485000.0,2022-06-09,Queanbeyan
Queanbeyan East,240000.0,2022-05-18,Queanbeyan
Queanbeyan East,910000.0,2022-05-06,Queanbeyan
Queanbeyan East,385000.0,2022-06-09,Queanbeyan
Queanbeyan East,815000.0,2022-05-11,Queanbeyan
Queanbeyan East,360000.0,2022-05-19,Queanbeyan
Queanbeyan East,257500.0,2022-05-06,Queanbeyan
Queanbeyan East,555000.0,2022-06-16,Queanbeyan
Queanbeyan East,750000.0,2022-04-29,Queanbeyan
Queanbeyan East,275000.0,2022-05-27,Queanbeyan
Queanbeyan East,535000.0,2022-05-03,Queanbeyan
Queanbeyan East,525000.0,2022-05-09,Queanbeyan
Queanbeyan East,485000.0,2022-06-06,Queanbeyan
Queanbeyan East,910000.0,2022-06-04,Queanbeyan
Queanbeyan East,715000.0,2022-05-03,Queanbeyan
Queanbeyan East,550000.0,2022-03-02,Queanbeyan
Queanbeyan East,585000.0,2022-04-19,Queanbeyan
Queanbeyan East,355000.0,2022-04-26,Queanbeyan
Queanbeyan East,540000.0,2022-04-01,Queanbeyan
Queanbeyan East,365000.0,2022-04-27,Queanbeyan
Queanbeyan East,317000.0,2022-04-27,Queanbeyan
Queanbeyan East,700000.0,2022-05-02,Queanbeyan
Queanbeyan East,430000.0,2022-04-13,Queanbeyan
Queanbeyan East,220000.0,2022-04-14,Queanbeyan
Queanbeyan East,112333.0,2022-05-20,Queanbeyan
Queanbeyan East,1250000.0,2022-03-23,Queanbeyan
Queanbeyan East,155000.0,2022-05-04,Queanbeyan
Queanbeyan East,662500.0,2022-03-29,Queanbeyan
Queanbeyan East,250000.0,2022-04-05,Queanbeyan
Queanbeyan East,900000.0,2022-04-07,Queanbeyan
Queanbeyan East,190000.0,2022-04-29,Queanbeyan
Queanbeyan East,475000.0,2022-05-09,Queanbeyan
Queanbeyan East,447000.0,2022-03-28,Queanbeyan
Queanbeyan East,850000.0,2022-03-11,Queanbeyan
Queanbeyan East,710000.0,2022-04-06,Queanbeyan
Queanbeyan East,552000.0,2022-03-24,Queanbeyan
Queanbeyan East,330000.0,2022-04-27,Queanbeyan
Queanbeyan East,355000.0,2022-04-26,Queanbeyan
Queanbeyan East,690000.0,2022-03-09,Queanbeyan
Queanbeyan East,655000.0,2022-04-23,Queanbeyan
Queanbeyan East,217500.0,2022-03-23,Queanbeyan
Queanbeyan East,450000.0,2022-03-15,Queanbeyan
Queanbeyan East,270000.0,2022-03-11,Queanbeyan
Queanbeyan East,220000.0,2022-03-10,Queanbeyan
Queanbeyan East,575000.0,2022-04-05,Queanbeyan
Queanbeyan East,556000.0,2022-02-10,Queanbeyan
Queanbeyan East,440000.0,2022-02-18,Queanbeyan
Queanbeyan West,1190000.0,2023-03-04,Queanbeyan
Queanbeyan West,772500.0,2023-03-01,Queanbeyan
Queanbeyan West,705000.0,2023-01-17,Queanbeyan
Queanbeyan West,772500.0,2023-01-20,Queanbeyan
Queanbeyan West,840000.0,2023-01-18,Queanbeyan
Queanbeyan West,610000.0,2023-02-16,Queanbeyan
Queanbeyan West,920000.0,2023-02-14,Queanbeyan
Queanbeyan West,850000.0,2022-11-21,Queanbeyan
Queanbeyan West,847500.0,2023-02-04,Queanbeyan
Queanbeyan West,1040000.0,2022-12-20,Queanbeyan
Queanbeyan West,900000.0,2023-01-09,Queanbeyan
Queanbeyan West,880000.0,2023-01-30,Queanbeyan
Queanbeyan West,810000.0,2022-12-22,Queanbeyan
Queanbeyan West,800000.0,2022-12-21,Queanbeyan
Queanbeyan West,870000.0,2022-12-12,Queanbeyan
Queanbeyan West,630000.0,2022-11-25,Queanbeyan
Queanbeyan West,895000.0,2022-11-16,Queanbeyan
Queanbeyan West,545000.0,2022-11-16,Queanbeyan
Queanbeyan West,590000.0,2022-12-08,Queanbeyan
Queanbeyan West,855000.0,2022-11-17,Queanbeyan
Queanbeyan West,970000.0,2022-12-01,Queanbeyan
Queanbeyan West,700000.0,2022-11-09,Queanbeyan
Queanbeyan West,765000.0,2022-11-01,Queanbeyan
Queanbeyan West,720000.0,2022-10-21,Queanbeyan
Queanbeyan West,680000.0,2022-10-14,Queanbeyan
Queanbeyan West,687500.0,2022-09-05,Queanbeyan
Queanbeyan West,535000.0,2022-04-01,Queanbeyan
Queanbeyan West,930000.0,2022-09-19,Queanbeyan
Queanbeyan West,610000.0,2022-07-26,Queanbeyan
Queanbeyan West,473000.0,2022-09-06,Queanbeyan
Queanbeyan West,620000.0,2022-08-24,Queanbeyan
Queanbeyan West,715513.0,2022-08-19,Queanbeyan
Queanbeyan West,780000.0,2022-08-03,Queanbeyan
Queanbeyan West,800000.0,2022-07-27,Queanbeyan
Queanbeyan West,60000.0,2022-07-15,Queanbeyan
Queanbeyan West,715000.0,2022-08-27,Queanbeyan
Queanbeyan West,940000.0,2022-04-26,Queanbeyan
Queanbeyan West,660000.0,2022-07-12,Queanbeyan
Queanbeyan West,835000.0,2022-05-23,Queanbeyan
Queanbeyan West,1265000.0,2022-06-14,Queanbeyan
Queanbeyan West,610000.0,2022-07-16,Queanbeyan
Queanbeyan West,200000.0,2022-06-09,Queanbeyan
Queanbeyan West,985000.0,2022-04-14,Queanbeyan
Queanbeyan West,985000.0,2022-04-14,Queanbeyan
Queanbeyan West,781000.0,2022-07-08,Queanbeyan
Queanbeyan West,695000.0,2022-06-23,Queanbeyan
Queanbeyan West,465000.0,2022-06-30,Queanbeyan
Queanbeyan West,570000.0,2022-07-06,Queanbeyan
Queanbeyan West,709000.0,2022-05-24,Queanbeyan
Queanbeyan West,825000.0,2022-05-16,Queanbeyan
Queanbeyan West,760000.0,2022-06-06,Queanbeyan
Queanbeyan West,695000.0,2022-06-23,Queanbeyan
Queanbeyan West,649000.0,2022-05-25,Queanbeyan
Queanbeyan West,1185000.0,2022-04-28,Queanbeyan
Queanbeyan West,812500.0,2022-05-10,Queanbeyan
Queanbeyan West,760000.0,2022-06-06,Queanbeyan
Queanbeyan West,937000.0,2022-05-17,Queanbeyan
Queanbeyan West,1065000.0,2022-04-20,Queanbeyan
Queanbeyan West,495000.0,2022-04-29,Queanbeyan
Queanbeyan West,505000.0,2022-04-26,Queanbeyan
Queanbeyan West,709000.0,2022-05-24,Queanbeyan
Queanbeyan West,836000.0,2022-04-13,Queanbeyan
Queanbeyan West,1250000.0,2022-04-14,Queanbeyan
Queanbeyan West,1075000.0,2022-04-05,Queanbeyan
Queanbeyan West,945000.0,2022-04-02,Queanbeyan
Queanbeyan West,772000.0,2022-04-05,Queanbeyan
Queanbeyan West,835000.0,2022-03-28,Queanbeyan
Queanbeyan West,850000.0,2022-01-14,Queanbeyan
Queanbeyan West,1200000.0,2022-03-18,Queanbeyan
Queanbeyan West,870000.0,2022-03-16,Queanbeyan
The Ridgeway,1850000.0,2022-08-12,Queanbeyan
The Ridgeway,2300000.0,2022-05-12,Queanbeyan